timestamp,gaze_x,gaze_y,eye_aspect_ratio,blink,saccade_velocity,fixation,pupil_size,left_pupil_x,left_pupil_y,left_pupil_diameter,right_pupil_x,right_pupil_y,right_pupil_diameter,por_binocular_x,por_binocular_y,point_of_regard_right_x,point_of_regard_right_y,point_of_regard_left_x,point_of_regard_left_y,category_binocular,index_binocular,gx_med,gy_med,sv_grp,RecordingTime [ms]
0.0,726.8333333333333,257.5833333333333,0.297830605606561,0,0.0,0,93.7467947664254,828.0,252.5,97.49358953285082,626.0,266.0,90.0,727.0,259.25,626.0,266.0,828.0,252.5,blink,0,727.5,259.25,1,0.0
0.004,727.4166666666666,258.16666666666663,0.2828570039945349,0,159.3443597997745,0,94.6422975141746,827.5,253.0,100.2845950283492,627.5,267.0,89.0,727.5,260.0,627.5,267.0,827.5,253.0,visual intake,1,728.125,259.125,1,4.0
0.008,728.9166666666667,256.25,0.2967216582858523,0,159.3443597997745,0,94.15157524933888,829.0,252.0,99.29753269845128,628.5,264.5,89.00561780022652,728.75,258.25,628.5,264.5,829.0,252.0,visual intake,2,728.75,259.0,1,8.0
0.012,729.3333333333333,257.1666666666667,0.3007765594215186,0,225.3469547164993,0,94.23458948355908,829.0,252.5,99.46356116689168,629.5,265.5,89.00561780022652,729.25,259.0,629.5,265.5,829.0,252.5,visual intake,3,729.25,258.25,1,12.0
0.016,730.0,256.25,0.2913740504567678,0,197.64235376052372,0,94.73455827549502,830.0,251.5,99.46356116689168,630.0,264.5,90.00555538409837,730.0,258.0,630.0,264.5,830.0,251.5,visual intake,4,730.0,258.0,1,16.0
0.02,730.25,255.58333333333331,0.2927341257609123,0,176.7766952966369,0,94.64876634922564,830.0,251.0,99.29753269845128,631.0,264.0,90.0,730.5,257.5,631.0,264.0,830.0,251.0,visual intake,5,730.5,257.5,1,20.0
0.024,730.6666666666666,255.5833333333333,0.2950834495013074,0,0.0,0,94.14876634922564,830.0,251.0,99.29753269845128,631.5,264.0,89.0,730.75,257.5,631.5,264.0,830.0,251.0,blink,6,730.5,257.5,1,24.0
0.028,730.5,255.41666666666669,0.287777505091298,0,0.0,0,93.65817483304066,829.5,251.0,98.3107318658548,631.5,263.5,89.00561780022652,730.5,257.25,631.5,263.5,829.5,251.0,blink,7,730.5,257.5,1,28.0
0.032,728.6666666666667,255.33333333333331,0.2982641786577789,0,441.9417382415922,0,93.73462140082944,828.0,250.5,99.46356116689168,629.0,264.5,88.0056816347672,728.5,257.5,629.0,264.5,828.0,250.5,visual intake,8,728.75,257.25,1,32.0
0.036,727.9166666666667,255.3333333333333,0.2924029441824647,0,0.0,0,94.23178058344584,827.0,250.5,99.46356116689168,628.5,264.0,89.0,727.75,257.25,628.5,264.0,827.0,250.5,blink,9,728.75,257.25,1,36.0
0.04,728.8333333333333,255.5,0.2815264352743364,0,0.0,0,94.23178058344584,828.0,250.5,99.46356116689168,629.5,264.0,89.0,728.75,257.25,629.5,264.0,828.0,250.5,blink,10,728.75,257.25,1,40.0
0.044,729.5,255.16666666666663,0.293536750871214,0,125.0000000000001,0,94.23178058344584,829.0,250.5,99.46356116689168,629.5,264.0,89.0,729.25,257.25,629.5,264.0,829.0,250.5,visual intake,11,729.25,257.25,1,44.0
0.048,730.5833333333333,254.0833333333333,0.2946621196584144,0,249.99999999999977,0,93.73462140082944,830.0,249.5,99.46356116689168,631.0,262.5,88.0056816347672,730.5,256.0,631.0,262.5,830.0,249.5,visual intake,12,730.25,257.25,1,48.0
0.052,731.4166666666667,254.75,0.2911456015686393,0,62.50000000000005,0,95.1422975141746,830.5,250.0,100.2845950283492,632.0,264.0,90.0,731.25,257.0,632.0,264.0,830.5,250.0,visual intake,13,730.5,257.25,1,52.0
0.056,730.25,255.75,0.2917682013882063,0,225.3469547164991,0,94.07065664281645,830.0,251.5,99.14131328563283,630.5,264.0,89.0,730.25,257.75,630.5,264.0,830.0,251.5,visual intake,14,731.25,257.75,1,56.0
0.06,732.4166666666667,255.91666666666669,0.2889021843404453,0,250.0000000000002,0,94.14876634922564,832.0,252.0,99.29753269845128,632.5,264.0,89.0,732.25,258.0,632.5,264.0,832.0,252.0,visual intake,15,732.25,257.75,1,60.0
0.064,733.75,256.3333333333333,0.2868805680969932,0,187.49999999999983,0,94.23921201644072,833.5,252.5,98.47842403288143,634.0,264.0,90.0,733.75,258.25,634.0,264.0,833.5,252.5,visual intake,16,733.0,257.75,1,64.0
0.068,734.75,254.25,0.2913519124032255,0,374.99999999999966,0,94.07647094076754,834.5,249.5,98.15294188153509,635.0,263.0,90.0,734.75,256.25,635.0,263.0,834.5,249.5,visual intake,17,733.0,256.25,1,68.0
0.072,733.0,253.75,0.2946131839773314,0,139.75424859373723,0,94.73178058344584,833.0,249.5,99.46356116689168,633.0,262.0,90.0,733.0,255.75,633.0,262.0,833.0,249.5,visual intake,18,733.5,256.0,1,72.0
0.076,732.4166666666667,252.83333333333331,0.2961368250222487,0,124.99999999999989,0,95.0649578048359,831.5,248.5,100.1299156096718,633.0,262.0,90.0,732.25,255.25,633.0,262.0,831.5,248.5,visual intake,19,733.0,256.0,1,76.0
0.08,733.5,253.66666666666669,0.2997120866803149,0,187.49999999999983,0,94.73455827549502,834.0,249.5,99.46356116689168,633.0,262.5,90.00555538409837,733.5,256.0,633.0,262.5,834.0,249.5,visual intake,20,732.25,256.0,1,80.0
0.084,732.5,254.5833333333333,0.2900991400107889,0,62.49999999999994,0,95.1422975141746,832.5,250.0,100.2845950283492,632.0,263.0,90.0,732.25,256.5,632.0,263.0,832.5,250.0,visual intake,21,732.25,256.25,1,84.0
0.088,730.9166666666667,254.0,0.2964943840599726,0,62.50000000000016,0,95.0649578048359,830.5,249.5,100.1299156096718,631.0,263.0,90.0,730.75,256.25,631.0,263.0,830.5,249.5,visual intake,22,732.25,256.5,1,88.0
0.092,731.8333333333333,254.41666666666669,0.2922876934610717,0,124.99999999999989,0,95.15151351903948,832.0,250.0,99.29753269845128,631.5,263.5,91.00549433962765,731.75,256.75,631.5,263.5,832.0,250.0,visual intake,23,731.75,256.5,1,92.0
0.096,732.3333333333334,254.25,0.2872231591035395,0,88.38834764831837,0,94.1553659329274,832.5,250.0,98.3107318658548,632.0,263.0,90.0,732.25,256.5,632.0,263.0,832.5,250.0,visual intake,24,731.5,256.75,1,96.0
0.1,731.25,254.58333333333331,0.2981418218928902,0,62.49999999999994,0,95.1450752062238,831.5,250.0,100.2845950283492,631.0,263.5,90.00555538409837,731.25,256.75,631.0,263.5,831.5,250.0,visual intake,25,731.75,256.75,1,100.0
0.104,731.75,254.75,0.2868615511339055,0,125.00000000000033,0,94.56776670494916,831.5,250.5,100.1299156096718,631.5,263.5,89.00561780022652,731.5,257.0,631.5,263.5,831.5,250.5,visual intake,26,732.25,256.75,1,104.0
0.108,732.5,254.0,0.2929665253964407,0,88.38834764831837,0,94.73455827549502,833.0,250.5,99.46356116689168,632.0,262.5,90.00555538409837,732.5,256.5,632.0,262.5,833.0,250.5,visual intake,27,732.5,257.0,1,108.0
0.112,733.8333333333333,266.25,0.0600322041942287,0,0.0,0,92.06604182158392,832.5,257.0,97.0,635.0,270.0,87.13208364316786,733.75,263.5,635.0,270.0,832.5,257.0,blink,28,732.5,257.0,1,112.0
0.116,732.8333333333334,255.41666666666669,0.2694613598851577,0,139.75424859373675,0,92.94933937184555,832.0,250.5,96.87620966986684,633.5,264.0,89.02246907382428,732.75,257.25,633.5,264.0,832.0,250.5,visual intake,29,732.75,256.5,1,116.0
0.12,732.25,254.33333333333331,0.2794436594918147,0,0.0,0,93.164909142499,832.0,250.0,97.32420048477152,632.5,262.5,89.00561780022652,732.25,256.25,632.5,262.5,832.0,250.0,blink,30,732.75,256.5,1,120.0
0.124,732.9166666666667,254.5833333333333,0.2914404701017111,0,0.0,0,93.0852131222182,833.0,250.5,97.16480844420988,632.5,262.5,89.00561780022652,732.75,256.5,632.5,262.5,833.0,250.5,blink,31,732.75,256.5,1,124.0
0.128,733.25,254.66666666666669,0.2780636062038497,0,0.0,0,94.16000088613778,833.0,250.0,99.29753269845128,633.5,263.0,89.02246907382428,733.25,256.5,633.5,263.0,833.0,250.0,blink,32,732.75,256.5,1,128.0
0.132,732.8333333333333,254.25,0.2851791007756717,0,0.0,0,93.65817483304066,832.5,250.0,98.3107318658548,633.5,262.5,89.00561780022652,733.0,256.25,633.5,262.5,832.5,250.0,blink,33,732.75,256.5,1,132.0
0.136,732.25,255.0,0.2814633794858346,0,88.38834764831837,0,93.5792798408808,832.5,250.5,98.15294188153509,632.5,263.5,89.00561780022652,732.5,257.0,632.5,263.5,832.5,250.5,visual intake,34,733.0,256.75,1,136.0
0.14,732.4166666666667,255.16666666666669,0.2822887991586071,0,0.0,0,94.07065664281645,832.0,250.5,99.14131328563283,632.5,264.0,89.0,732.25,257.25,632.5,264.0,832.0,250.5,blink,35,733.0,256.75,1,140.0
0.144,734.1666666666666,254.75,0.2831988661235767,0,312.5000000000019,0,93.08240422210494,834.0,250.5,97.16480844420988,634.5,263.0,89.0,734.25,256.75,634.5,263.0,834.0,250.5,visual intake,36,734.25,256.75,1,144.0
0.148,735.4166666666667,254.5833333333333,0.28957154171546,0,312.4999999999997,0,92.67178231661862,835.5,251.0,96.33794683301072,635.5,262.5,89.00561780022652,735.5,256.75,635.5,262.5,835.5,251.0,visual intake,37,735.5,256.75,1,148.0
0.152,736.8333333333333,254.91666666666663,0.2873200287630404,0,374.99999999999966,0,91.59464255564905,837.0,250.5,95.1892851112981,637.0,263.0,88.0,737.0,256.75,637.0,263.0,837.0,250.5,visual intake,38,737.0,256.75,1,152.0
0.156,737.3333333333333,254.0833333333333,0.2860284241628767,0,88.38834764831837,0,93.0077313425396,837.0,250.0,97.01546268507924,637.5,262.0,89.0,737.25,256.0,637.5,262.0,837.0,250.0,visual intake,39,737.25,256.5,1,156.0
0.16,737.3333333333334,254.08333333333331,0.2794913808258805,0,124.99999999999989,0,93.07931175815114,836.5,250.5,98.15294188153509,638.0,261.5,88.0056816347672,737.25,256.0,638.0,261.5,836.5,250.5,visual intake,40,737.25,256.0,1,160.0
0.164,738.5833333333333,254.5833333333333,0.2854248421987824,0,0.0,0,92.66210024238576,838.0,251.0,97.32420048477152,639.0,262.0,88.0,738.5,256.5,639.0,262.0,838.0,251.0,blink,41,737.25,256.0,1,164.0
0.168,737.3333333333333,254.16666666666669,0.2890155780552426,0,124.99999999999989,0,93.00255095400648,835.5,250.0,98.00510190801292,639.0,262.0,88.0,737.25,256.0,639.0,262.0,835.5,250.0,visual intake,42,737.25,256.5,1,168.0
0.172,737.6666666666667,255.0833333333333,0.2817272573610349,0,62.50000000000038,0,92.57934440907997,836.5,251.5,98.15294188153509,638.5,262.5,87.00574693662483,737.5,257.0,638.5,262.5,836.5,251.5,visual intake,43,737.5,256.5,1,172.0
0.176,737.25,254.5,0.2805930443648895,0,0.0,0,92.0077313425396,836.0,251.0,97.01546268507924,638.5,262.0,87.0,737.25,256.5,638.5,262.0,836.0,251.0,blink,44,737.5,256.5,1,176.0
0.18,738.25,254.8333333333333,0.2874567842200636,0,88.38834764831837,0,92.51582796786197,837.5,251.0,96.0260381354974,638.5,262.5,89.00561780022652,738.0,256.75,638.5,262.5,837.5,251.0,visual intake,45,737.75,256.75,1,180.0
0.184,738.5833333333333,254.5833333333333,0.2923637578058496,0,0.0,0,92.59126905429162,838.5,250.5,96.17692030835671,638.5,262.5,89.00561780022652,738.5,256.5,638.5,262.5,838.5,250.5,blink,46,737.75,256.75,1,184.0
0.188,737.8333333333334,255.0833333333333,0.2854937826687559,0,0.0,0,93.07931175815114,837.5,251.5,98.15294188153509,638.0,262.5,88.0056816347672,737.75,257.0,638.0,262.5,837.5,251.5,blink,47,737.75,256.75,1,188.0
0.192,737.4166666666666,255.0833333333333,0.2877142315286722,0,62.49999999999994,0,92.5077313425396,837.0,251.0,97.01546268507924,638.0,263.0,88.0,737.5,257.0,638.0,263.0,837.0,251.0,visual intake,48,737.75,257.0,1,192.0
0.196,737.8333333333333,254.5,0.2971042130479457,0,0.0,0,92.0130190677487,837.5,251.0,96.0260381354974,638.0,262.0,88.0,737.75,256.5,638.0,262.0,837.5,251.0,blink,49,737.75,257.0,1,196.0
0.2,738.1666666666666,255.3333333333333,0.2890395290541572,0,62.49999999999994,0,92.58524503948854,838.0,251.5,97.16480844420988,638.0,262.5,88.0056816347672,738.0,257.0,638.0,262.5,838.0,251.5,visual intake,50,738.0,257.0,1,200.0
0.204,739.0833333333333,259.9166666666667,0.1531732617113792,0,62.50000000000038,0,86.84315206460232,837.0,255.0,90.19977827023745,640.5,265.5,83.48652585896721,738.75,260.25,640.5,265.5,837.0,255.0,visual intake,51,738.25,257.0,1,204.0
0.208,738.4166666666667,255.3333333333333,0.272724743134987,0,62.49999999999994,0,91.8842398620418,837.0,251.0,94.76286192385707,639.5,263.5,89.00561780022652,738.25,257.25,639.5,263.5,837.0,251.0,visual intake,52,738.25,257.25,1,208.0
0.212,738.1666666666666,255.0,0.278799606662572,0,0.0,0,91.94267410147248,837.5,251.5,95.88534820294495,639.0,262.0,88.0,738.25,256.75,639.0,262.0,837.5,251.5,blink,53,738.25,257.25,1,212.0
0.216,738.4166666666667,255.16666666666669,0.2829748996068002,0,62.49999999999994,0,91.94267410147248,837.5,251.5,95.88534820294495,639.0,263.0,88.0,738.25,257.25,639.0,263.0,837.5,251.5,visual intake,54,738.25,257.0,1,216.0
0.22,737.75,254.75,0.2906572622604801,0,62.49999999999994,0,92.0158598851323,837.5,251.0,96.0260381354974,638.0,262.5,88.0056816347672,737.75,256.75,638.0,262.5,837.5,251.0,visual intake,55,738.0,257.0,1,220.0
0.224,737.8333333333333,255.0833333333333,0.2781501127053211,0,62.49999999999994,0,93.50255095400648,837.5,251.0,98.00510190801292,638.5,263.0,89.0,738.0,257.0,638.5,263.0,837.5,251.0,visual intake,56,737.75,257.0,1,224.0
0.228,737.75,255.33333333333331,0.2828252856231759,0,0.0,0,92.08846015417836,837.5,251.5,96.17692030835671,638.0,263.0,88.0,737.75,257.25,638.0,263.0,837.5,251.5,blink,57,737.75,257.0,1,228.0
0.232,737.9166666666667,255.16666666666663,0.2886914712290396,0,62.49999999999994,0,93.0077313425396,837.0,251.0,97.01546268507924,638.5,263.0,89.0,737.75,257.0,638.5,263.0,837.0,251.0,visual intake,58,737.75,257.25,1,232.0
0.236,738.3333333333333,255.66666666666669,0.2804750643701752,0,0.0,0,93.08240422210494,838.0,251.5,97.16480844420988,638.5,263.0,89.0,738.25,257.25,638.5,263.0,838.0,251.5,blink,59,737.75,257.25,1,236.0
0.24,737.75,255.5833333333333,0.2800031762168368,0,62.49999999999994,0,93.0077313425396,837.0,252.0,97.01546268507924,638.5,263.0,89.0,737.75,257.5,638.5,263.0,837.0,252.0,visual intake,60,738.0,257.25,1,240.0
0.244,738.0833333333333,256.0833333333333,0.2854848724496777,0,88.38834764831837,0,92.59126905429162,837.5,252.5,96.17692030835671,638.5,263.5,89.00561780022652,738.0,258.0,638.5,263.5,837.5,252.5,visual intake,61,738.25,257.5,1,244.0
0.248,738.9166666666666,255.3333333333333,0.2858407675085208,0,0.0,0,92.51582796786197,838.5,251.0,96.0260381354974,639.5,263.5,89.00561780022652,739.0,257.25,639.5,263.5,838.5,251.0,blink,62,738.25,257.5,1,248.0
0.252,739.1666666666666,255.5,0.2840687975551694,0,0.0,0,92.66210024238576,838.0,252.0,97.32420048477152,640.0,263.0,88.0,739.0,257.5,640.0,263.0,838.0,252.0,blink,63,738.25,257.5,1,252.0
0.256,738.3333333333333,255.5833333333333,0.2908905607731558,0,62.49999999999994,0,93.0852131222182,837.0,251.5,97.16480844420988,639.5,263.5,89.00561780022652,738.25,257.5,639.5,263.5,837.0,251.5,visual intake,64,738.25,257.25,1,256.0
0.26,737.4166666666666,254.91666666666663,0.2858572476188091,0,139.75424859373675,0,92.58524503948854,836.0,250.5,97.16480844420988,639.0,263.5,88.0056816347672,737.5,257.0,639.0,263.5,836.0,250.5,visual intake,65,737.75,257.0,1,260.0
0.264,738.0,254.41666666666663,0.2860988149318231,0,88.38834764831837,0,93.07931175815114,836.5,250.5,98.15294188153509,639.0,262.5,88.0056816347672,737.75,256.5,639.0,262.5,836.5,250.5,visual intake,66,737.5,256.75,1,264.0
0.268,736.5833333333333,254.75,0.2823204406331683,0,187.49999999999983,0,92.59376639143572,835.0,250.5,97.16480844420988,638.0,263.0,88.02272433866155,736.5,256.75,638.0,263.0,835.0,250.5,visual intake,67,736.75,256.75,1,268.0
0.272,736.1666666666667,255.0833333333333,0.2737169347713143,0,0.0,0,92.58796367544628,833.5,250.5,98.15294188153509,638.5,263.0,87.02298546935747,736.0,256.75,638.5,263.0,833.5,250.5,blink,68,736.75,256.75,1,272.0
0.276,736.75,255.5833333333333,0.2723795373686591,0,124.99999999999989,0,92.08527769041736,835.0,251.5,97.16480844420988,638.5,263.5,87.00574693662483,736.75,257.5,638.5,263.5,835.0,251.5,visual intake,69,736.75,257.25,1,276.0
0.28,738.25,255.3333333333333,0.2806252023159181,0,257.69410160110357,0,91.09464255564905,837.0,251.5,95.1892851112981,639.5,263.0,87.0,738.25,257.25,639.5,263.0,837.0,251.5,visual intake,70,737.75,257.5,1,280.0
0.284,738.3333333333333,256.0,0.2814889212716024,0,62.50000000000081,0,92.5105721599232,837.0,252.0,97.01546268507924,640.0,263.5,88.0056816347672,738.5,257.75,640.0,263.5,837.0,252.0,visual intake,71,737.75,257.75,1,284.0
0.288,737.75,256.25,0.2803839842256679,0,62.49999999999994,0,92.08240422210494,836.0,252.5,97.16480844420988,639.5,264.0,87.0,737.75,258.25,639.5,264.0,836.0,252.5,visual intake,72,737.75,258.0,1,288.0
0.292,736.4166666666666,257.0,0.2755976058556681,0,249.99999999999977,0,93.00539177139008,834.5,253.0,98.00510190801292,638.0,264.5,88.0056816347672,736.25,258.75,638.0,264.5,834.5,253.0,visual intake,73,736.75,258.0,1,292.0
0.296,735.9166666666667,256.0,0.2788047501430774,0,0.0,0,93.07931175815114,834.5,251.5,98.15294188153509,637.0,264.5,88.0056816347672,735.75,258.0,637.0,264.5,834.5,251.5,blink,74,736.75,258.0,1,296.0
0.3,736.6666666666666,256.1666666666667,0.2833883890168883,0,0.0,0,93.07931175815114,835.5,251.5,98.15294188153509,638.0,264.5,88.0056816347672,736.75,258.0,638.0,264.5,835.5,251.5,blink,75,736.75,258.0,1,300.0
0.304,737.25,255.5,0.2803316786764585,0,0.0,0,92.08527769041736,836.0,251.5,97.16480844420988,638.5,263.5,87.00574693662483,737.25,257.5,638.5,263.5,836.0,251.5,blink,76,736.75,258.0,1,304.0
0.308,737.0,255.83333333333331,0.2840288570170918,0,0.0,0,93.08240422210494,835.0,251.5,97.16480844420988,638.5,264.0,89.0,736.75,257.75,638.5,264.0,835.0,251.5,blink,77,736.75,258.0,1,308.0
0.312,736.4166666666667,256.1666666666667,0.2822530170809435,0,62.49999999999994,0,94.00028358317158,835.0,252.0,98.99494936611666,637.5,264.5,89.00561780022652,736.25,258.25,637.5,264.5,835.0,252.0,visual intake,78,736.75,258.25,1,312.0
0.316,736.5833333333333,256.6666666666667,0.2793917234950391,0,0.0,0,92.58524503948854,836.0,252.5,97.16480844420988,637.0,264.5,88.0056816347672,736.5,258.5,637.0,264.5,836.0,252.5,blink,79,736.75,258.25,1,316.0
0.32,736.75,256.3333333333333,0.2800631449506107,0,88.38834764831837,0,93.07647094076754,835.5,252.5,98.15294188153509,638.0,264.0,88.0,736.75,258.25,638.0,264.0,835.5,252.5,visual intake,80,736.5,258.5,1,320.0
0.324,737.9166666666666,265.66666666666663,0.0633354758747871,0,187.49999999999983,0,93.3526206350134,836.0,258.0,98.02040603874276,640.0,269.5,88.68483523128404,738.0,263.75,640.0,269.5,836.0,258.0,visual intake,81,736.5,259.25,1,324.0
0.328,736.25,257.41666666666663,0.2665308311406752,0,139.75424859373675,0,92.38490865912206,835.0,253.0,96.7470929795826,637.0,266.0,88.02272433866155,736.0,259.5,637.0,266.0,835.0,253.0,visual intake,82,736.0,259.5,1,328.0
0.332,734.0,257.1666666666667,0.2627530072912348,0,0.0,0,91.59403055731808,833.0,253.5,97.16480844420988,634.0,265.0,86.02325267042627,733.5,259.25,634.0,265.0,833.0,253.5,blink,83,733.75,259.5,2,332.0
0.336,733.9166666666667,257.4166666666667,0.2687139410974847,0,0.0,0,91.0913670326674,833.5,253.5,96.17692030835671,634.0,265.5,86.00581375697809,733.75,259.5,634.0,265.5,833.5,253.5,blink,84,733.5,259.5,3,336.0
0.34,731.5833333333333,259.6666666666667,0.2826908645545083,0,0.0,0,91.0130190677487,828.5,257.0,96.0260381354974,633.0,267.0,86.0,730.75,262.0,633.0,267.0,828.5,257.0,blink,85,730.75,260.25,4,340.0
0.344,728.5,258.4166666666667,0.2581240918340634,0,0.0,0,91.38427177931214,823.0,254.0,94.76286192385707,633.0,266.5,88.0056816347672,728.0,260.25,633.0,266.5,823.0,254.0,blink,86,728.25,260.25,4,344.0
0.348,728.4166666666666,258.5,0.2668427175650025,0,0.0,0,92.94733922992944,821.0,254.5,94.89467845985884,635.5,267.0,91.0,728.25,260.75,635.5,267.0,821.0,254.5,blink,87,728.0,260.25,5,348.0
0.352,727.4166666666666,256.9166666666667,0.2658100482145303,0,0.0,0,92.88417813174236,821.0,253.0,94.76286192385707,633.5,265.5,91.00549433962765,727.25,259.25,633.5,265.5,821.0,253.0,blink,88,727.25,259.75,5,352.0
0.356,726.9166666666666,256.9166666666667,0.2682396117422883,0,0.0,0,92.95008639974324,820.0,252.5,94.89467845985884,633.5,265.5,91.00549433962765,726.75,259.0,633.5,265.5,820.0,252.5,blink,89,727.25,259.25,5,356.0
0.36,726.6666666666667,257.0,0.2703695887341978,0,0.0,0,92.0158598851323,822.5,253.0,96.0260381354974,630.0,266.5,88.0056816347672,726.25,259.75,630.0,266.5,822.5,253.0,blink,90,727.25,259.25,5,360.0
0.364,731.1666666666667,257.75,0.2566931416919138,0,0.0,0,90.87648756449812,830.0,253.0,96.7470929795826,631.5,265.5,85.00588214941364,730.75,259.25,631.5,265.5,830.0,253.0,blink,91,730.75,259.75,6,364.0
0.368,734.9166666666666,260.0,0.2375809881802818,0,0.0,0,91.39279313125932,832.0,255.0,94.76286192385707,639.0,268.0,88.02272433866155,735.5,261.5,639.0,268.0,832.0,255.0,blink,92,734.5,260.25,6,368.0
0.372,734.5833333333334,258.9166666666667,0.2248660218499616,0,187.49999999999983,0,93.37380315046272,830.5,255.0,99.72462083156798,638.5,267.0,87.02298546935747,734.5,261.0,638.5,267.0,830.5,255.0,visual intake,93,735.25,260.25,7,372.0
0.376,735.9166666666667,257.66666666666663,0.2258866072807165,0,62.49999999999994,0,92.9365700006796,831.5,254.5,99.84988733093292,639.0,266.0,86.02325267042627,735.25,260.25,639.0,266.0,831.5,254.5,visual intake,94,735.5,260.25,7,376.0
0.38,738.0,258.0,0.2312150073134064,0,374.99999999999966,0,93.4364364001452,834.5,254.5,99.84988733093292,640.5,266.0,87.02298546935747,737.5,260.25,640.5,266.0,834.5,254.5,visual intake,95,737.0,260.25,7,380.0
0.384,739.25,258.0833333333333,0.2383623190668919,0,124.99999999999989,0,93.93205125724432,835.0,254.5,98.85848471426212,643.5,265.5,89.00561780022652,739.25,260.0,643.5,265.5,835.0,254.5,visual intake,96,737.5,260.25,7,384.0
0.388,737.0833333333333,259.25,0.240880494247653,0,124.99999999999989,0,93.36598018878992,832.0,256.0,98.73196037757988,642.0,267.0,88.0,737.0,261.5,642.0,267.0,832.0,256.0,visual intake,97,737.5,260.75,7,388.0
0.392,737.5,258.66666666666663,0.2464003922364751,0,0.0,0,93.50031550044191,833.0,255.0,98.99494936611666,642.0,266.5,88.0056816347672,737.5,260.75,642.0,266.5,833.0,255.0,blink,98,737.5,260.75,7,392.0
0.396,739.25,259.0,0.237986403914919,0,124.99999999999989,0,94.00028358317158,835.0,255.0,98.99494936611666,643.5,266.5,89.00561780022652,739.25,260.75,643.5,266.5,835.0,255.0,visual intake,99,737.0,260.75,7,396.0
0.4,734.8333333333333,255.25,0.2583722975718893,0,0.0,0,91.46425967126524,833.0,250.5,96.87620966986684,636.0,264.5,86.05230967266364,734.5,257.5,636.0,264.5,833.0,250.5,blink,100,734.5,260.25,8,400.0
0.404,731.75,257.83333333333337,0.2712006477611168,0,0.0,0,90.45210325427392,827.5,254.5,93.90420650854784,635.5,266.0,87.0,731.5,260.25,635.5,266.0,827.5,254.5,blink,101,731.5,260.25,8,404.0
0.408,730.3333333333334,257.3333333333333,0.2677013418758546,0,0.0,0,91.45018004731304,826.0,253.5,94.89467845985884,634.0,266.5,88.0056816347672,730.0,260.0,634.0,266.5,826.0,253.5,blink,102,730.0,260.0,9,408.0
0.412,728.3333333333333,257.8333333333333,0.2714064453703254,0,0.0,0,91.5212582994505,824.0,254.0,95.03683496413376,632.0,266.5,88.0056816347672,728.0,260.25,632.0,266.5,824.0,254.0,blink,103,728.0,260.0,9,412.0
0.416,727.1666666666667,255.3333333333333,0.278923023958315,0,0.0,0,92.94267410147248,821.5,251.5,95.88534820294495,632.0,265.0,90.0,726.75,258.25,632.0,265.0,821.5,251.5,blink,104,727.5,260.0,9,416.0
0.42,727.25,254.41666666666663,0.2862274251823795,0,0.0,0,92.44548300158571,821.5,250.5,95.88534820294495,632.5,263.5,89.00561780022652,727.0,257.0,632.5,263.5,821.5,250.5,blink,105,727.5,259.25,9,420.0
0.424,727.6666666666667,258.9166666666667,0.2788020916222583,0,0.0,0,89.52393007820592,824.5,255.0,94.04786015641186,630.5,267.0,85.0,727.5,261.0,630.5,267.0,824.5,255.0,blink,106,727.5,259.25,9,424.0
0.428,732.75,258.0833333333333,0.2269626445479269,0,0.0,0,89.29450699582026,831.5,252.0,93.53608929178084,635.5,266.5,85.05292469985967,733.5,259.25,635.5,266.5,831.5,252.0,blink,107,733.5,259.25,10,428.0
0.432,735.3333333333334,257.5833333333333,0.2490546690729455,0,0.0,0,92.94267410147248,832.5,252.5,95.88534820294495,639.0,266.0,90.0,735.75,259.25,639.0,266.0,832.5,252.5,blink,108,735.5,259.5,10,432.0
0.436,735.9166666666666,256.9166666666667,0.23784921832573,0,0.0,0,93.4924994374156,832.5,254.0,99.98499887483122,638.5,265.0,87.0,735.5,259.5,638.5,265.0,832.5,254.0,blink,109,735.75,259.5,11,436.0
0.44,736.8333333333333,257.8333333333333,0.2524772998142147,0,0.0,0,92.9924994374156,832.5,255.0,99.98499887483122,640.0,266.0,86.0,736.25,260.5,640.0,266.0,832.5,255.0,blink,110,736.25,259.75,11,440.0
0.444,736.9166666666666,257.5,0.2430048107387764,0,0.0,0,93.49537290572805,832.5,254.0,99.98499887483122,640.5,265.5,87.00574693662483,736.5,259.75,640.5,265.5,832.5,254.0,blink,111,736.5,259.75,11,444.0
0.448,737.25,257.8333333333333,0.2439657006260299,0,0.0,0,92.92494366546646,833.5,254.5,99.84988733093292,640.0,266.0,86.0,736.75,260.25,640.0,266.0,833.5,254.5,blink,112,736.5,259.75,11,448.0
0.452,737.6666666666667,257.0,0.2607142253431329,0,0.0,0,93.99747468305831,835.0,253.0,98.99494936611666,640.5,266.0,89.0,737.75,259.5,640.5,266.0,835.0,253.0,blink,113,736.5,259.5,11,452.0
0.456,731.3333333333334,239.5,0.3226351005775412,0,0.0,0,90.27419601435696,833.0,235.5,95.524865872714,627.5,254.0,85.0235261559999,730.25,244.75,627.5,254.0,833.0,235.5,blink,114,733.25,244.75,12,456.0
0.46,731.25,233.16666666666663,0.3588170370542565,0,0.0,0,90.4436614641662,835.5,233.5,96.88137075826292,628.0,245.5,84.00595217006948,731.75,239.5,628.0,245.5,835.5,233.5,blink,115,733.25,239.5,12,460.0
0.464,732.8333333333334,230.25,0.3665990039246783,0,0.0,0,90.30458887044696,835.0,229.5,93.55746896961249,631.5,242.5,87.05170877128145,733.25,236.0,631.5,242.5,835.0,229.5,blink,116,733.25,236.0,12,464.0
0.468,732.9166666666667,226.66666666666669,0.3661214868047906,0,0.0,0,89.74389641678714,835.5,225.0,92.39588735436226,631.5,240.0,87.09190547921202,733.5,232.5,631.5,240.0,835.5,225.0,blink,117,733.25,232.5,12,468.0
0.472,733.3333333333334,223.5833333333333,0.3485526383384666,0,0.0,0,90.780995815709,836.5,223.5,96.5090669315583,630.5,237.5,85.05292469985967,733.5,230.5,630.5,237.5,836.5,223.5,blink,118,733.25,230.5,12,472.0
0.476,731.75,222.16666666666669,0.3438948075414683,0,0.0,0,89.69491685135426,834.5,221.0,94.36630754670864,630.5,236.0,85.0235261559999,732.5,228.5,630.5,236.0,834.5,221.0,blink,119,733.5,230.5,13,476.0
0.48,731.9166666666667,223.25,0.3461730183886536,0,0.0,0,88.71724729808071,834.0,221.0,93.38094023943002,631.0,237.5,84.0535543567314,732.5,229.25,631.0,237.5,834.0,221.0,blink,120,732.5,230.5,13,480.0
0.484,734.5,232.3333333333333,0.3325148611682854,0,0.0,0,91.20841180266817,836.0,229.5,93.2148056909416,634.5,243.0,89.20201791439474,735.25,236.25,634.5,243.0,836.0,229.5,blink,121,732.5,236.25,14,484.0
0.488,732.0,260.0,0.1650533564948817,0,0.0,0,87.64944527158939,828.5,254.0,89.08984229416954,636.0,264.0,86.20904824900923,732.25,259.0,636.0,264.0,828.5,254.0,blink,122,734.25,259.0,14,488.0
0.492,734.5,264.5833333333333,0.1225868323189678,1,0.0,0,88.76202131658938,831.0,257.5,92.04890004774636,637.5,268.5,85.47514258543241,734.25,263.0,637.5,268.5,831.0,257.5,blink,123,735.25,263.0,14,492.0
0.496,735.1666666666666,267.83333333333337,0.108019805107876,0,0.0,0,90.80736690878152,833.5,260.5,93.04837451562494,637.0,271.0,88.56635930193812,735.25,265.75,637.0,271.0,833.5,260.5,blink,124,735.25,265.75,14,496.0
0.5,736.5833333333334,269.08333333333337,0.0863311129526852,0,0.0,0,90.78586774531476,835.5,261.5,93.00537618869136,638.0,272.0,88.56635930193812,736.75,266.75,638.0,272.0,835.5,261.5,blink,125,735.25,266.5,15,500.0
0.504,735.4166666666666,268.8333333333333,0.0711389436775339,0,0.0,0,91.72960886982167,834.0,261.5,94.00531899844816,636.5,271.5,89.45389874119518,735.25,266.5,636.5,271.5,834.0,261.5,blink,126,735.25,266.5,15,504.0
0.508,734.3333333333333,268.75,0.0842794427246048,0,0.0,0,91.83755326454336,832.5,261.5,93.00537618869136,636.0,271.5,90.6697303403953,734.25,266.5,636.0,271.5,832.5,261.5,blink,127,734.25,266.5,15,508.0
0.512,734.3333333333334,241.08333333333331,0.289540670922226,0,0.0,0,88.77873448480624,836.0,238.5,93.55746896961249,632.0,254.0,84.0,734.0,246.25,632.0,254.0,836.0,238.5,blink,128,734.25,246.25,16,512.0
0.516,734.0833333333333,233.33333333333331,0.3495686369237037,0,0.0,0,92.24354366144578,836.0,232.5,99.46356116689168,631.5,245.0,85.0235261559999,733.75,238.75,631.5,245.0,836.0,232.5,blink,129,734.0,238.75,16,516.0
0.52,734.0833333333333,230.75,0.3601045948531254,0,0.0,0,91.27392567103573,837.0,230.5,95.524865872714,632.5,243.0,87.02298546935747,734.75,236.75,632.5,243.0,837.0,230.5,blink,130,733.75,236.75,16,520.0
0.524,731.8333333333333,229.0,0.3530736211029739,0,0.0,0,90.30458887044696,835.0,228.5,93.55746896961249,630.5,242.5,87.05170877128145,732.75,235.5,630.5,242.5,835.0,228.5,blink,131,732.75,235.5,17,524.0
0.528,731.25,227.3333333333333,0.3793650140117552,0,0.0,0,90.7963525848347,832.5,225.5,94.54099639838792,630.5,240.5,87.05170877128145,731.5,233.0,630.5,240.5,832.5,225.5,blink,132,732.75,233.25,18,528.0
0.532,731.6666666666666,227.75,0.3706774593017023,0,0.0,0,91.20871453071436,833.5,226.0,94.36630754670864,631.0,240.5,88.05112151472007,732.25,233.25,631.0,240.5,833.5,226.0,blink,133,732.75,233.25,19,532.0
0.536,732.5,227.33333333333331,0.3769371851882873,0,0.0,0,91.296058956554,834.5,225.5,94.54099639838792,631.0,240.5,88.05112151472007,732.75,233.0,631.0,240.5,834.5,225.5,blink,134,732.5,233.25,19,536.0
0.54,733.0,229.66666666666669,0.3798623806039526,0,0.0,0,92.3149207174148,835.5,227.5,94.54099639838792,631.0,242.0,90.08884503644168,733.25,234.75,631.0,242.0,835.5,227.5,blink,135,732.75,234.75,19,540.0
0.544,732.5,233.3333333333333,0.3619256979225047,0,0.0,0,91.69438831026646,833.5,230.0,94.36630754670864,631.5,245.0,89.02246907382428,732.5,237.5,631.5,245.0,833.5,230.0,blink,136,733.25,237.5,20,544.0
0.548,733.5833333333333,247.91666666666663,0.2812760257403566,0,0.0,0,91.45018004731304,833.0,243.5,94.89467845985884,634.0,256.5,88.0056816347672,733.5,250.0,634.0,256.5,833.0,243.5,blink,137,733.5,250.0,20,548.0
0.552,735.0,255.66666666666669,0.2461961707573063,0,0.0,0,88.79482182425613,833.5,251.0,93.53608929178084,636.0,262.5,84.0535543567314,734.75,256.75,636.0,262.5,833.5,251.0,blink,138,734.25,256.75,20,552.0
0.556,734.4166666666667,255.16666666666663,0.2515708839679058,0,124.99999999999989,0,91.77379510568778,832.5,250.0,95.524865872714,636.0,264.0,88.02272433866155,734.25,257.0,636.0,264.0,832.5,250.0,visual intake,139,734.75,256.75,21,556.0
0.56,734.8333333333333,256.0,0.2628973513770882,0,0.0,0,91.96823485883252,833.5,251.5,95.88534820294495,636.0,263.5,88.05112151472007,734.75,257.5,636.0,263.5,833.5,251.5,blink,140,734.75,256.75,21,560.0
0.5640000000000001,734.75,254.5833333333333,0.2710421194224245,0,0.0,0,92.02438123707948,833.5,250.0,96.0260381354974,636.0,263.0,88.02272433866155,734.75,256.5,636.0,263.0,833.5,250.0,blink,141,734.75,256.75,21,564.0
0.5680000000000001,735.5833333333333,254.66666666666663,0.2780175640625194,0,62.49999999999994,0,92.09982232350912,834.5,250.5,96.17692030835671,637.0,263.0,88.02272433866155,735.75,256.75,637.0,263.0,834.5,250.5,visual intake,142,734.75,256.5,21,568.0000000000001
0.5720000000000001,735.1666666666667,254.16666666666663,0.2796435618925545,0,0.0,0,92.09130097156196,833.5,249.5,96.17692030835671,637.0,262.5,88.0056816347672,735.25,256.0,637.0,262.5,833.5,249.5,blink,143,734.75,256.5,21,572.0000000000001
0.5760000000000001,734.25,254.41666666666669,0.2735184700662278,0,197.64235376052355,0,89.53569315620588,832.5,251.0,94.04786015641186,635.5,262.0,85.0235261559999,734.0,256.5,635.5,262.0,832.5,251.0,visual intake,144,734.0,256.75,21,576.0000000000001
0.58,732.9166666666666,255.5833333333333,0.2634768574908668,0,312.5000000000084,0,92.88417813174236,829.0,251.0,94.76286192385707,636.5,265.5,91.00549433962765,732.75,258.25,636.5,265.5,829.0,251.0,visual intake,145,732.75,256.75,21,580.0
0.584,732.4166666666667,253.91666666666669,0.276421385247159,0,124.99999999999989,0,92.9548205653198,827.5,249.5,93.90420650854784,637.0,264.5,92.00543462209176,732.25,257.0,637.0,264.5,827.5,249.5,visual intake,146,732.25,256.75,21,584.0
0.588,729.6666666666667,253.83333333333331,0.2782718114515274,0,0.0,0,92.94267410147248,825.5,249.5,95.88534820294495,633.0,264.0,90.0,729.25,256.75,633.0,264.0,825.5,249.5,blink,147,729.25,256.75,22,588.0
0.592,727.1666666666666,253.25,0.2799182820495988,0,380.1726581436384,0,94.0130190677487,822.5,250.0,96.0260381354974,631.0,263.0,92.0,726.75,256.5,631.0,263.0,822.5,250.0,visual intake,148,727.75,256.5,23,592.0
0.596,727.5833333333333,253.08333333333331,0.2979661357349048,0,124.99999999999989,0,94.94997073598392,822.0,249.5,94.89467845985884,633.5,262.5,95.00526301210895,727.75,256.0,633.5,262.5,822.0,249.5,visual intake,149,727.75,256.0,23,596.0
0.6,727.25,252.16666666666663,0.3081428508519683,0,176.77669529663675,0,91.95210325427392,823.5,248.5,93.90420650854784,631.0,262.0,90.0,727.25,255.25,631.0,262.0,823.5,248.5,visual intake,150,727.25,255.5,23,600.0
0.604,727.75,252.3333333333333,0.2940656828164616,0,124.99999999999989,0,91.9597165070403,823.0,249.5,92.91393867445294,632.5,261.5,91.00549433962765,727.75,255.5,632.5,261.5,823.0,249.5,visual intake,151,727.75,255.5,23,604.0
0.608,726.25,252.5833333333333,0.3220207141988442,0,62.49999999999994,0,91.54067023623496,823.0,249.0,93.05912099305472,629.0,262.0,90.0222194794152,726.0,255.5,629.0,262.0,823.0,249.0,visual intake,152,727.75,255.25,23,608.0
0.612,728.3333333333333,251.08333333333331,0.3098339898868242,0,197.64235376052355,0,89.67896584927561,827.0,247.0,95.35197952848172,629.0,260.5,84.00595217006948,728.0,253.75,629.0,260.5,827.0,247.0,visual intake,153,728.0,254.5,23,612.0
0.616,734.5833333333333,251.41666666666669,0.2701820004011916,0,0.0,0,94.0959303646028,831.0,248.5,99.14131328563283,638.5,260.5,89.05054744357274,734.75,254.5,638.5,260.5,831.0,248.5,blink,154,734.75,254.25,24,616.0
0.62,736.1666666666667,250.5833333333333,0.2811803265506816,0,0.0,0,93.5820188121472,833.0,248.5,99.14131328563283,639.0,260.0,88.02272433866155,736.0,254.25,639.0,260.0,833.0,248.5,blink,155,736.0,254.0,25,620.0
0.624,737.9166666666667,249.91666666666669,0.2994761684184783,0,0.0,0,94.69318886744648,835.0,248.0,99.29753269845128,641.0,260.0,90.08884503644168,738.0,254.0,641.0,260.0,835.0,248.0,blink,156,738.0,254.25,26,624.0
0.628,739.25,250.25,0.3025096334446533,0,249.99999999999977,0,94.2570543052322,837.0,248.5,99.46356116689168,641.5,259.5,89.05054744357274,739.25,254.0,641.5,259.5,837.0,248.5,visual intake,157,739.0,254.25,27,628.0
0.632,739.3333333333333,250.3333333333333,0.2984087770064593,0,0.0,0,93.7841331635255,836.5,248.5,98.47842403288143,641.5,260.0,89.08984229416954,739.0,254.25,641.5,260.0,836.5,248.5,blink,158,739.0,254.25,27,632.0
0.636,739.5833333333333,251.16666666666663,0.3000029568244305,0,62.49999999999994,0,95.19882366581275,837.5,248.0,98.3107318658548,642.0,261.0,92.0869154657707,739.75,254.5,642.0,261.0,837.5,248.0,visual intake,159,739.0,254.5,27,636.0
0.64,734.0833333333333,260.5833333333333,0.086953324741072,0,187.49999999999983,0,91.94439367138678,828.0,254.5,98.04590761474952,638.5,265.0,85.84287972802403,733.25,259.75,638.5,265.0,828.0,254.5,visual intake,160,738.25,254.5,27,640.0
0.644,738.0833333333333,252.0,0.2755508002599367,0,499.99999999999955,0,96.0216619408708,835.0,249.0,98.99494936611666,641.5,261.5,93.04837451562494,738.25,255.25,641.5,261.5,835.0,249.0,visual intake,161,736.25,254.5,27,644.0
0.648,736.3333333333333,250.5833333333333,0.3164265347487948,0,419.26274578121024,0,91.96823485883252,834.5,247.5,95.88534820294495,638.0,259.5,88.05112151472007,736.25,253.5,638.0,259.5,834.5,247.5,visual intake,162,734.75,255.25,27,648.0
0.652,734.6666666666667,251.0,0.3158441088872982,0,0.0,0,94.10146400017844,834.5,247.5,98.15294188153509,635.0,260.5,90.0499861188218,734.75,254.0,635.0,260.5,834.5,247.5,blink,163,734.75,255.25,27,652.0
0.656,726.0833333333333,253.33333333333331,0.3128313300473146,0,0.0,0,93.0241288074563,824.5,251.0,96.0260381354974,627.0,263.0,90.0222194794152,725.75,257.0,627.0,263.0,824.5,251.0,blink,164,725.75,254.5,28,656.0
0.66,725.75,252.75,0.3066906026922779,0,0.0,0,92.96297153558328,822.5,249.5,93.90420650854784,629.0,262.0,92.02173656261871,725.75,255.75,629.0,262.0,822.5,249.5,blink,165,725.75,254.5,29,660.0
0.664,725.0833333333333,251.25,0.3174686926303315,0,0.0,0,92.53491776250036,821.5,248.0,94.04786015641186,628.5,261.0,91.02197536858888,725.0,254.5,628.5,261.0,821.5,248.0,blink,166,725.5,255.0,29,664.0
0.668,725.5,250.91666666666669,0.3124012365731864,0,0.0,0,91.53233818857656,823.0,248.0,93.05912099305472,628.0,260.5,90.00555538409837,725.5,254.25,628.0,260.5,823.0,248.0,blink,167,725.0,255.0,29,668.0
0.672,724.5,251.41666666666669,0.3075448407140926,0,0.0,0,91.9548809463231,821.5,249.5,93.90420650854784,627.0,260.5,90.00555538409837,724.25,255.0,627.0,260.5,821.5,249.5,blink,168,725.0,254.5,29,672.0
0.676,724.5,251.5833333333333,0.3129289091103834,0,0.0,0,91.9597165070403,821.0,249.5,92.91393867445294,627.5,260.5,91.00549433962765,724.25,255.0,627.5,260.5,821.0,249.5,blink,169,725.5,254.75,29,676.0
0.68,732.25,251.58333333333331,0.2834277884555423,0,0.0,0,93.5088368523891,829.0,249.0,98.99494936611666,636.0,260.0,88.02272433866155,732.5,254.5,636.0,260.0,829.0,249.0,blink,170,732.25,255.0,30,680.0
0.684,732.4166666666666,251.16666666666663,0.3017899746491223,0,0.0,0,94.174040071012,829.0,250.0,99.29753269845128,635.5,259.5,89.05054744357274,732.25,254.75,635.5,259.5,829.0,250.0,blink,171,732.5,255.0,31,684.0
0.6880000000000001,734.0833333333333,252.16666666666669,0.2778818163815045,0,0.0,0,94.59023152662228,831.5,251.5,100.1299156096718,636.5,260.5,89.05054744357274,734.0,256.0,636.5,260.5,831.5,251.5,blink,172,734.0,255.5,31,688.0
0.6920000000000001,736.25,252.41666666666669,0.2969759731783856,0,0.0,0,95.10938032305674,834.5,250.5,100.1299156096718,638.0,262.0,90.08884503644168,736.25,256.25,638.0,262.0,834.5,250.5,blink,173,736.0,255.5,31,692.0000000000001
0.6960000000000001,737.0833333333334,251.75,0.2968182269488226,0,0.0,0,96.08940782870908,836.5,249.5,100.1299156096718,639.0,261.5,92.04890004774636,737.75,255.5,639.0,261.5,836.5,249.5,blink,174,736.0,255.5,31,696.0000000000001
0.7000000000000001,735.25,252.3333333333333,0.2903419972863916,0,0.0,0,93.55695389995222,834.5,250.0,96.0260381354974,637.5,261.0,91.08786966440702,736.0,255.5,637.5,261.0,834.5,250.0,blink,175,736.0,255.5,31,700.0000000000001
0.704,734.4166666666667,251.75,0.2893526050910682,0,0.0,0,94.3807124635481,833.5,249.0,97.73944955850732,636.5,260.0,91.02197536858888,735.0,254.5,636.5,260.0,833.5,249.0,blink,176,735.0,255.5,31,704.0
0.708,725.25,253.8333333333333,0.2955443479050446,0,0.0,0,90.39699155894208,822.5,251.0,93.7709976485267,627.5,263.0,87.02298546935747,725.0,257.0,627.5,263.0,822.5,251.0,blink,177,725.75,255.5,32,708.0
0.712,725.75,253.41666666666663,0.2788809714425657,0,197.64235376052355,0,92.88821613530922,820.5,250.0,93.7709976485267,631.0,262.5,92.00543462209176,725.75,256.25,631.0,262.5,820.5,250.0,visual intake,178,725.5,254.75,33,712.0
0.716,725.75,252.0,0.2950825326267215,0,225.3469547164991,0,92.52667724801977,820.5,249.0,94.04786015641186,630.5,260.5,91.00549433962765,725.5,254.75,630.5,260.5,820.5,249.0,visual intake,179,725.0,255.5,33,716.0
0.72,724.0,251.16666666666669,0.3108998002809189,0,265.1650429449551,0,92.95696933722648,820.0,248.5,92.91393867445294,628.5,261.0,93.0,724.25,254.75,628.5,261.0,820.0,248.5,visual intake,180,724.25,254.75,33,720.0
0.724,722.75,251.3333333333333,0.3255656348269853,0,0.0,0,92.54606397811104,820.5,249.0,92.07062506576132,625.5,262.0,93.02150289046077,723.0,255.5,625.5,262.0,820.5,249.0,blink,181,724.25,254.75,33,724.0
0.728,721.0833333333333,250.5,0.3227936817592514,0,62.49999999999994,0,91.96465808817146,818.5,247.5,91.92388155425118,624.0,261.5,92.00543462209176,721.25,254.5,624.0,261.5,818.5,247.5,visual intake,182,724.25,254.5,33,728.0
0.732,725.4166666666666,249.41666666666669,0.3164723321024503,0,249.99999999999977,0,91.27392567103573,824.0,246.5,95.524865872714,626.5,259.0,87.02298546935747,725.25,252.75,626.5,259.0,824.0,246.5,visual intake,183,725.25,254.5,33,732.0
0.736,725.6666666666667,249.66666666666663,0.325217323569165,0,0.0,0,91.26615980099228,824.5,246.5,96.5090669315583,626.0,259.0,86.02325267042627,725.25,252.75,626.0,259.0,824.5,246.5,blink,184,725.25,254.5,33,736.0
0.74,731.0833333333333,254.25,0.2536958202375611,0,0.0,0,94.37708992849753,828.0,251.0,98.73196037757988,635.0,263.0,90.0222194794152,731.5,257.0,635.0,263.0,828.0,251.0,blink,185,731.5,255.0,34,740.0
0.744,734.5,253.0833333333333,0.2636196745714386,0,0.0,0,93.87250247130284,831.5,250.0,97.73944955850732,638.0,261.5,90.00555538409837,734.75,255.75,638.0,261.5,831.5,250.0,blink,186,734.75,255.75,34,744.0
0.748,736.0,252.75,0.2748585903378595,0,0.0,0,92.3201697641342,834.5,249.5,95.63472172804184,638.5,260.5,89.00561780022652,736.5,255.0,638.5,260.5,834.5,249.5,blink,187,734.75,255.75,35,748.0
0.752,735.6666666666667,254.0,0.2628776418875993,0,0.0,0,90.82071428032336,834.0,250.5,94.64142856064674,638.5,261.0,87.0,736.25,255.75,638.5,261.0,834.0,250.5,blink,188,734.75,255.75,35,752.0
0.756,729.0833333333334,267.66666666666663,0.0533906644439306,0,0.0,0,92.4827387932348,825.5,259.0,95.0210502993942,633.5,270.5,89.94442728707543,729.5,264.75,633.5,270.5,825.5,259.0,blink,189,730.25,255.75,36,756.0
0.76,729.8333333333333,255.91666666666669,0.2070471134577317,0,0.0,0,85.87498825092068,827.5,251.0,91.35097153287424,632.0,263.0,80.39900496896712,729.75,257.0,632.0,263.0,827.5,251.0,blink,190,730.25,255.75,37,760.0
0.764,730.0,252.5833333333333,0.2770915081839552,0,0.0,0,91.88503922447003,828.0,248.0,96.7470929795826,632.5,261.0,87.02298546935747,730.25,254.5,632.5,261.0,828.0,248.0,blink,191,730.25,254.5,37,764.0
0.768,731.6666666666667,251.5,0.2817090733956545,0,0.0,0,92.93646933602096,829.5,247.5,97.86725703727473,634.0,260.5,88.0056816347672,731.75,254.0,634.0,260.5,829.5,247.5,blink,192,730.25,254.0,37,768.0
0.772,731.0833333333333,251.16666666666669,0.2943633083995501,0,0.0,0,91.0130190677487,829.5,248.0,96.0260381354974,633.0,259.0,86.0,731.25,253.5,633.0,259.0,829.5,248.0,blink,193,730.25,253.5,37,772.0
0.776,729.3333333333334,239.25,0.3152303671077905,0,0.0,0,89.79696054912381,829.5,238.5,94.54099639838792,629.5,250.5,85.05292469985967,729.5,244.5,629.5,250.5,829.5,238.5,blink,194,730.25,244.5,38,776.0
0.78,729.1666666666667,238.75,0.3054900229667298,0,0.0,0,92.28009422313916,829.5,236.5,96.5090669315583,628.0,250.5,88.05112151472007,728.75,243.5,628.0,250.5,829.5,236.5,blink,195,729.5,243.5,39,780.0
0.784,729.4166666666667,228.75,0.3699106096038915,0,0.0,0,88.20251656409064,834.0,229.0,93.38094023943002,626.5,242.0,83.02409288875127,730.25,235.5,626.5,242.0,834.0,229.0,blink,196,729.0,235.5,40,784.0
0.788,728.3333333333333,224.0833333333333,0.346960010497389,0,0.0,0,89.2030893499331,830.0,223.0,95.35197952848172,627.5,237.5,83.05419917138447,728.75,230.25,627.5,237.5,830.0,223.0,blink,197,729.0,235.5,41,788.0
0.792,728.25,224.3333333333333,0.3595988499818797,0,0.0,0,90.70900815899503,830.5,224.0,94.36630754670864,627.5,237.5,87.05170877128145,729.0,230.75,627.5,237.5,830.5,224.0,blink,198,730.25,235.5,41,792.0
0.796,731.0,252.16666666666669,0.2156198192262383,0,0.0,0,89.16027122205927,827.5,247.5,91.26883367283708,634.5,258.5,87.05170877128145,731.0,253.0,634.5,258.5,827.5,247.5,blink,199,731.0,253.0,42,796.0
0.8,732.9166666666667,257.0,0.1879604071117842,0,0.0,0,87.14403348913157,830.0,252.5,92.13576938409967,636.0,261.5,82.15229759416349,733.0,257.0,636.0,261.5,830.0,252.5,blink,200,731.0,257.0,42,800.0
0.804,731.75,264.75,0.0803061657178358,0,0.0,0,91.34935088812112,830.5,258.0,93.02150289046077,633.5,266.5,89.67719888578144,732.0,262.25,633.5,266.5,830.5,258.0,blink,201,731.0,257.0,43,804.0
0.808,730.6666666666667,266.0,0.0777068794025693,0,0.0,0,92.33752466942173,829.0,258.5,94.00531899844816,632.0,268.5,90.6697303403953,730.5,263.5,632.0,268.5,829.0,258.5,blink,202,730.5,258.75,43,808.0
0.812,728.75,253.66666666666669,0.1531804025964085,0,0.0,0,87.86638576432523,815.5,250.0,93.34345183246651,639.0,260.0,82.38931969618392,727.25,255.0,639.0,260.0,815.5,250.0,blink,203,730.0,258.75,43,812.0
0.8160000000000001,730.1666666666666,259.58333333333337,0.0869991448970086,0,0.0,0,89.5480385772857,822.5,253.0,95.08417323613853,636.5,264.5,84.01190391843289,729.5,258.75,636.5,264.5,822.5,253.0,blink,204,729.5,255.0,44,816.0000000000001
0.8200000000000001,730.4166666666666,239.0,0.2936665494904701,0,0.0,0,91.76567436637056,829.5,237.5,98.47842403288143,630.5,249.5,85.05292469985967,730.0,243.5,630.5,249.5,829.5,237.5,blink,205,729.5,243.5,44,820.0000000000001
0.8240000000000001,728.8333333333333,225.91666666666669,0.367629989808407,0,0.0,0,89.67896584927561,832.0,227.0,95.35197952848172,627.0,238.5,84.00595217006948,729.5,232.75,627.0,238.5,832.0,227.0,blink,206,729.5,233.5,44,824.0000000000001
0.8280000000000001,728.4166666666666,227.08333333333331,0.3699801844332975,0,0.0,0,89.69491685135426,830.5,227.0,94.36630754670864,627.5,240.0,85.0235261559999,729.0,233.5,627.5,240.0,830.5,227.0,blink,207,729.5,233.5,45,828.0000000000001
0.8320000000000001,728.0833333333334,226.41666666666663,0.3520320950280071,0,0.0,0,90.21632450535574,831.0,227.0,93.38094023943002,627.5,239.5,87.05170877128145,729.25,233.25,627.5,239.5,831.0,227.0,blink,208,729.5,233.5,45,832.0000000000001
0.836,730.8333333333334,259.83333333333337,0.1842101710394096,0,0.0,0,87.67469352063772,826.5,253.5,89.1403387922662,636.0,265.0,86.20904824900923,731.25,259.25,636.0,265.0,826.5,253.5,blink,209,729.25,259.25,46,836.0
0.84,730.5,263.91666666666663,0.132183860487148,0,0.0,0,88.23350395234333,827.0,258.0,92.0869154657707,634.0,267.0,84.38009243891595,730.5,262.5,634.0,267.0,827.0,258.0,blink,210,729.25,259.25,47,840.0
0.844,729.1666666666667,262.5,0.085268770288687,0,0.0,0,90.73479871056384,825.0,255.5,94.00531899844816,632.5,266.5,87.46427842267951,728.75,261.0,632.5,266.5,825.0,255.5,blink,211,728.75,259.25,47,844.0
0.848,726.6666666666667,242.16666666666663,0.2969455677522268,0,0.0,0,92.44733922992944,824.0,239.5,94.89467845985884,628.0,254.0,90.0,726.0,246.75,628.0,254.0,824.0,239.5,blink,212,727.0,250.5,48,848.0
0.852,724.3333333333333,245.5,0.3350102729734179,0,0.0,0,91.52956049652737,823.0,245.0,93.05912099305472,626.0,256.0,90.0,724.5,250.5,626.0,256.0,823.0,245.0,blink,213,727.0,249.75,49,852.0
0.856,727.0,246.41666666666669,0.3296766610767661,0,0.0,0,90.6062688908622,826.0,243.5,95.1892851112981,628.0,256.0,86.02325267042627,727.0,249.75,628.0,256.0,826.0,243.5,blink,214,727.0,249.25,49,856.0
0.86,737.5,245.41666666666669,0.3107274901579992,0,0.0,0,93.20702138947053,832.0,245.0,97.32420048477152,642.5,253.0,89.08984229416954,737.25,249.0,642.5,253.0,832.0,245.0,blink,215,737.25,249.5,50,860.0
0.864,740.75,245.16666666666669,0.3095466052910094,0,0.0,0,94.03244990289976,836.0,245.0,97.01546268507924,645.5,253.5,91.0494371207203,740.75,249.25,645.5,253.5,836.0,245.0,blink,216,737.25,249.5,51,864.0
0.868,739.6666666666667,245.41666666666669,0.2916232390131043,0,0.0,0,93.70028708001216,835.5,245.0,98.3107318658548,643.5,254.0,89.08984229416954,739.5,249.5,643.5,254.0,835.5,245.0,blink,217,737.25,249.5,51,868.0
0.872,721.0,250.66666666666663,0.3093696879963066,0,0.0,0,92.02438123707948,817.5,247.0,96.0260381354974,624.0,261.0,88.02272433866155,720.75,254.0,624.0,261.0,817.5,247.0,blink,218,720.75,251.0,52,872.0
0.876,714.0833333333333,247.41666666666669,0.3029643014644705,0,0.0,0,93.5130190677487,809.5,244.0,96.0260381354974,618.5,258.0,91.0,714.0,251.0,618.5,258.0,809.5,244.0,blink,219,719.5,252.5,53,876.0
0.88,716.6666666666667,248.3333333333333,0.3291322069641199,0,0.0,0,90.04719747109692,814.5,246.0,90.09439494219384,620.0,259.0,90.0,717.25,252.5,620.0,259.0,814.5,246.0,blink,220,719.5,252.5,53,880.0
0.884,718.75,248.83333333333331,0.327709325002977,0,0.0,0,90.47496081335154,815.5,247.5,89.94442728707543,623.5,258.5,91.00549433962765,719.5,253.0,623.5,258.5,815.5,247.5,blink,221,719.5,252.0,53,884.0
0.888,728.1666666666667,248.66666666666669,0.314778629978681,0,0.0,0,92.9633785567198,828.0,246.5,96.87620966986684,629.5,257.5,89.05054744357274,728.75,252.0,629.5,257.5,828.0,246.5,blink,222,728.75,252.0,54,888.0
0.892,728.9166666666667,244.75,0.3318116222928725,0,0.0,0,93.2917159135102,827.0,243.5,97.49358953285082,632.5,255.0,89.08984229416954,729.75,249.25,632.5,255.0,827.0,243.5,blink,223,729.75,250.0,54,892.0
0.896,732.5,245.41666666666669,0.3358658517124225,0,0.0,0,95.24218664929332,831.5,245.0,100.2845950283492,634.0,255.0,90.19977827023745,732.75,250.0,634.0,255.0,831.5,245.0,blink,224,729.75,250.0,55,896.0
0.9,735.0,244.25,0.3478215786044158,0,0.0,0,93.121902031858,834.5,243.5,98.15294188153509,636.0,254.0,88.09086218218096,735.25,248.75,636.0,254.0,834.5,243.5,blink,225,729.75,250.0,55,900.0
0.904,723.5,250.0833333333333,0.2964350666278288,0,0.0,0,89.95696933722647,820.0,247.5,92.91393867445294,626.5,260.0,87.0,723.25,253.75,626.5,260.0,820.0,247.5,blink,226,723.25,251.5,56,904.0
0.908,720.25,247.16666666666669,0.3259168562544234,0,0.0,0,92.53531253288068,818.5,245.0,92.07062506576132,623.5,258.0,93.0,721.0,251.5,623.5,258.0,818.5,245.0,blink,227,721.0,252.25,56,908.0
0.912,718.75,248.5,0.3214142338866788,0,0.0,0,93.03797203210476,817.5,246.0,92.07062506576132,621.0,259.5,94.00531899844816,719.25,252.75,621.0,259.5,817.5,246.0,blink,228,720.0,252.25,57,912.0
0.916,717.0,248.0,0.3289983531721067,0,0.0,0,91.03809022492985,815.5,245.0,92.07062506576132,619.0,259.5,90.00555538409837,717.25,252.25,619.0,259.5,815.5,245.0,blink,229,720.0,251.5,57,916.0
0.92,720.0,247.5,0.3334355182636007,0,0.0,0,89.69491685135426,819.5,245.0,94.36630754670864,620.5,257.0,85.0235261559999,720.0,251.0,620.5,257.0,819.5,245.0,blink,230,720.0,251.0,57,920.0
0.924,726.5,245.41666666666663,0.332370198510535,0,0.0,0,93.26477277380076,824.5,243.5,98.47842403288143,629.0,255.5,88.05112151472007,726.75,249.5,629.0,255.5,824.5,243.5,blink,231,726.75,250.0,58,924.0
0.928,731.3333333333333,245.5833333333333,0.3241219558424228,0,0.0,0,95.25649914380598,831.0,244.5,99.46356116689168,632.5,255.5,91.0494371207203,731.75,250.0,632.5,255.5,831.0,244.5,blink,232,731.75,249.5,58,928.0
0.932,732.5,244.16666666666669,0.3216221041765401,0,0.0,0,94.19368749631042,831.0,244.0,99.29753269845128,634.5,254.0,89.08984229416954,732.75,249.0,634.5,254.0,831.0,244.0,blink,233,732.0,249.5,59,932.0
0.936,732.0833333333334,244.91666666666669,0.3379063720783979,0,0.0,0,93.6882502537806,830.5,244.0,100.2845950283492,633.5,255.0,87.09190547921202,732.0,249.5,633.5,255.0,830.5,244.0,blink,234,732.0,249.5,59,936.0
0.94,731.6666666666667,244.5,0.3261321843815021,0,0.0,0,96.5555069375072,830.0,243.0,100.9752444909147,634.0,254.5,92.13576938409967,732.0,248.75,634.0,254.5,830.0,243.0,blink,235,732.0,249.5,59,940.0
0.944,721.5,249.41666666666669,0.3181276674839211,0,0.0,0,91.9548809463231,818.5,246.5,93.90420650854784,624.0,259.5,90.00555538409837,721.25,253.0,624.0,259.5,818.5,246.5,blink,236,723.0,250.25,60,944.0
0.948,723.25,246.5833333333333,0.3066949820104029,0,0.0,0,93.3841482729744,819.0,244.0,94.76286192385707,627.0,256.5,92.00543462209176,723.0,250.25,627.0,256.5,819.0,244.0,blink,237,722.5,251.75,61,948.0
0.952,722.0833333333333,247.5833333333333,0.3239918745759552,0,0.0,0,93.45696933722648,820.0,245.5,92.91393867445294,625.0,258.0,94.0,722.5,251.75,625.0,258.0,820.0,245.5,blink,238,722.0,252.25,61,952.0
0.956,721.6666666666667,247.75,0.3255950060253509,0,0.0,0,92.45696933722648,820.0,246.5,92.91393867445294,624.0,258.0,92.0,722.0,252.25,624.0,258.0,820.0,246.5,blink,239,722.5,251.75,61,956.0
0.96,720.3333333333333,248.16666666666669,0.3352588530647178,0,0.0,0,93.03531253288068,818.5,246.0,92.07062506576132,623.0,259.0,94.0,720.75,252.5,623.0,259.0,818.5,246.0,blink,240,722.5,251.75,61,960.0
0.964,728.5833333333333,245.91666666666663,0.3116316517980151,0,0.0,0,93.96282339529355,828.0,243.5,96.87620966986684,629.5,255.5,91.0494371207203,728.75,249.5,629.5,255.5,828.0,243.5,blink,241,728.75,250.75,62,964.0
0.968,732.0,245.0833333333333,0.316861021202955,0,0.0,0,93.68063965471376,829.5,244.0,98.3107318658548,634.5,254.5,89.05054744357274,732.0,249.25,634.5,254.5,829.5,244.0,blink,242,732.0,250.25,62,968.0
0.972,733.25,246.41666666666663,0.3263785500717987,0,0.0,0,93.79121728464624,831.0,245.5,97.49358953285082,636.0,256.0,90.08884503644168,733.5,250.75,636.0,256.0,831.0,245.5,blink,243,732.0,249.5,63,972.0
0.976,732.75,246.3333333333333,0.3139893338261486,0,0.0,0,93.79121728464624,830.0,244.5,97.49358953285082,636.0,256.0,90.08884503644168,733.0,250.25,636.0,256.0,830.0,244.5,blink,244,732.0,250.25,63,976.0
0.98,723.1666666666667,243.66666666666669,0.2998407041548826,0,0.0,0,93.0184174820669,823.0,242.0,95.03683496413376,623.5,255.0,91.0,723.25,248.5,623.5,255.0,823.0,242.0,blink,245,723.25,250.25,64,980.0
0.984,720.25,246.16666666666669,0.3340074059075796,0,0.0,0,91.03809022492985,818.5,245.0,92.07062506576132,623.0,256.5,90.00555538409837,720.75,250.75,623.0,256.5,818.5,245.0,blink,246,723.25,250.25,65,984.0
0.988,721.25,245.8333333333333,0.3284074338788599,0,0.0,0,92.45696933722648,820.0,244.5,92.91393867445294,624.0,256.0,92.0,722.0,250.25,624.0,256.0,820.0,244.5,blink,247,723.25,248.5,65,988.0
0.992,724.4166666666667,243.16666666666669,0.3179193439698798,0,0.0,0,89.62741775425258,823.5,240.5,94.2019108086455,625.5,253.5,85.05292469985967,724.5,247.0,625.5,253.5,823.5,240.5,blink,248,724.5,247.25,65,992.0
0.996,731.6666666666667,241.41666666666663,0.3464384113171319,0,0.0,0,94.93460974904772,831.0,240.0,98.73196037757988,633.5,251.5,91.13725912051558,732.25,245.75,633.5,251.5,831.0,240.0,blink,249,732.25,247.25,66,996.0
1.0,732.0,242.75,0.3528138311341807,0,0.0,0,92.12835696171096,832.0,241.5,97.16480844420988,632.5,253.0,87.09190547921202,732.25,247.25,632.5,253.0,832.0,241.5,blink,250,732.25,247.25,67,1000.0
1.004,734.1666666666666,245.75,0.311659244530479,0,0.0,0,94.78314684864424,830.5,244.5,98.47842403288143,637.5,255.0,91.08786966440702,734.0,249.75,637.5,255.0,830.5,244.5,blink,251,732.25,249.25,67,1004.0
1.008,733.3333333333333,245.91666666666669,0.2982098789662401,0,0.0,0,93.76448573822708,829.5,245.5,98.47842403288143,636.5,254.5,89.05054744357274,733.0,250.0,636.5,254.5,829.5,245.5,blink,252,732.25,249.75,67,1008.0
1.012,730.8333333333333,246.0833333333333,0.311073502922544,0,0.0,0,92.45390863838462,830.5,243.5,95.88534820294495,631.5,255.0,89.02246907382428,731.0,249.25,631.5,255.0,830.5,243.5,blink,253,731.0,250.0,67,1012.0
1.016,723.4166666666667,249.0,0.2981169798974947,0,0.0,0,93.0266473892518,820.5,247.0,94.04786015641186,626.0,258.5,92.00543462209176,723.25,252.75,626.0,258.5,820.5,247.0,blink,254,725.25,251.25,68,1016.0
1.02,724.5833333333333,247.91666666666669,0.3122320996951755,0,0.0,0,91.95696933722648,821.0,245.5,92.91393867445294,629.5,257.0,91.0,725.25,251.25,629.5,257.0,821.0,245.5,blink,255,725.25,251.25,69,1020.0
1.024,724.5833333333333,247.91666666666663,0.3104494945240587,0,0.0,0,93.52393007820592,820.5,246.0,94.04786015641186,629.5,257.0,93.0,725.0,251.5,629.5,257.0,820.5,246.0,blink,256,725.25,251.25,69,1024.0
1.028,729.1666666666666,241.0,0.3131549593112855,0,0.0,0,91.99652577249476,829.5,239.5,93.90420650854784,629.0,251.0,90.08884503644168,729.25,245.25,629.0,251.0,829.5,239.5,blink,257,729.25,246.0,70,1028.0
1.032,735.0,241.5,0.3347859750240084,0,0.0,0,94.19978845114824,834.5,241.0,98.3107318658548,636.0,251.0,90.08884503644168,735.25,246.0,636.0,251.0,834.5,241.0,blink,258,729.25,246.0,71,1032.0
1.036,734.0,241.0833333333333,0.3461548871659851,0,0.0,0,94.12089345898838,832.5,240.5,98.15294188153509,636.0,251.0,90.08884503644168,734.25,245.75,636.0,251.0,832.5,240.5,blink,259,729.25,246.0,71,1036.0
1.04,723.75,248.25,0.3151562547956992,0,0.0,0,93.03479835951528,820.5,245.0,94.04786015641186,626.0,258.0,92.02173656261871,723.25,251.5,626.0,258.0,820.5,245.0,blink,260,723.25,251.0,72,1040.0
1.044,723.0833333333334,247.5833333333333,0.3197514936208034,0,0.0,0,95.02365616192134,820.5,244.0,96.0260381354974,625.0,258.0,94.02127418834527,722.75,251.0,625.0,258.0,820.5,244.0,blink,261,723.25,251.0,73,1044.0
1.048,723.4166666666667,247.75,0.3415442359743639,0,0.0,0,92.12594846373364,822.5,244.5,94.2019108086455,624.0,258.5,90.0499861188218,723.25,251.5,624.0,258.5,822.5,244.5,blink,262,723.25,251.0,73,1048.0
1.052,732.8333333333334,240.91666666666663,0.3272784546617361,0,0.0,0,96.01952370751414,831.0,239.5,100.84145972763385,634.5,251.0,91.19758768739445,732.75,245.25,634.5,251.0,831.0,239.5,blink,263,732.75,245.5,74,1052.0
1.056,735.9166666666667,240.5833333333333,0.3371272268571182,0,0.0,0,93.57272035013958,836.5,240.0,98.00510190801292,635.5,250.5,89.1403387922662,736.0,245.25,635.5,250.5,836.5,240.0,blink,264,732.75,245.5,75,1056.0
1.06,735.3333333333334,240.83333333333331,0.3417572230696438,0,0.0,0,95.13434874813578,835.5,240.5,100.1299156096718,635.0,250.5,90.13878188659972,735.25,245.5,635.0,250.5,835.5,240.5,blink,265,732.75,245.5,75,1060.0
1.064,723.1666666666666,249.16666666666669,0.3156975083233257,0,0.0,0,93.53468152343632,820.5,247.0,94.04786015641186,626.5,258.0,93.02150289046077,723.5,252.5,626.5,258.0,820.5,247.0,blink,266,724.75,245.5,76,1064.0
1.068,721.9166666666667,248.66666666666669,0.3211852209233231,0,0.0,0,92.95832691422386,820.0,246.5,94.89467845985884,623.5,258.0,91.02197536858888,721.75,252.25,623.5,258.0,820.0,246.5,blink,267,724.5,245.5,77,1068.0
1.072,725.1666666666667,236.41666666666663,0.3121083798020305,0,0.0,0,91.28068830211096,824.5,234.5,96.5090669315583,625.0,248.5,86.05230967266364,724.75,241.5,625.0,248.5,824.5,234.5,blink,268,723.5,249.75,78,1072.0
1.076,724.25,233.83333333333331,0.3208213745497213,0,0.0,0,89.63355768180261,825.0,232.5,93.2148056909416,624.0,245.5,86.05230967266364,724.5,239.0,624.0,245.5,825.0,232.5,blink,269,724.5,249.75,79,1076.0
1.08,721.9166666666667,245.25,0.3209291998670212,0,0.0,0,91.1061352903278,822.0,244.5,95.1892851112981,622.5,255.0,87.02298546935747,722.25,249.75,622.5,255.0,822.0,244.5,blink,270,724.75,249.75,79,1080.0
1.084,738.8333333333334,247.66666666666669,0.3012549052267724,0,0.0,1,92.62783531319542,835.0,247.5,97.16480844420988,642.0,255.0,88.09086218218096,738.5,251.25,642.0,255.0,835.0,247.5,blink,271,738.5,251.25,80,1084.0
1.088,741.1666666666667,247.25,0.3039299311511138,0,0.0,1,94.62040577297104,837.5,247.5,98.15294188153509,644.5,255.0,91.08786966440702,741.0,251.25,644.5,255.0,837.5,247.5,blink,272,738.5,251.25,81,1088.0
1.092,740.5,247.25,0.3118682901305194,0,0.0,1,94.61264741199084,836.5,247.5,96.17692030835671,644.5,255.5,93.04837451562494,740.5,251.5,644.5,255.5,836.5,247.5,blink,273,738.5,251.25,81,1092.0
1.096,738.3333333333333,247.0,0.2868965370812804,0,0.0,1,94.33852664756536,836.0,245.5,96.62815324738438,641.0,254.5,92.04890004774636,738.5,250.0,641.0,254.5,836.0,245.5,blink,274,738.5,251.25,81,1096.0
1.1,735.0833333333334,247.41666666666669,0.2724254571704451,0,0.0,1,92.40272143989264,833.5,245.0,95.75489543621256,637.5,255.5,89.05054744357274,735.5,250.25,637.5,255.5,833.5,245.0,blink,275,735.5,251.5,82,1100.0
1.104,732.25,249.5,0.268303245895901,0,0.0,1,92.3201697641342,830.5,246.5,95.63472172804184,634.5,257.5,89.00561780022652,732.5,252.0,634.5,257.5,830.5,246.5,blink,276,732.75,252.0,82,1104.0
1.108,732.5833333333334,254.75,0.1791520981444953,0,197.64235376052355,1,86.70818157785182,829.0,250.0,90.19977827023745,636.5,262.0,83.21658488546619,732.75,256.0,636.5,262.0,829.0,250.0,visual intake,277,732.5,252.75,83,1108.0
1.112,731.25,250.8333333333333,0.2489692028802578,0,249.99999999999977,1,91.82556935837091,829.0,246.5,96.62815324738438,633.5,259.0,87.02298546935747,731.25,252.75,633.5,259.0,829.0,246.5,visual intake,278,731.5,252.75,83,1112.0
1.116,731.4166666666666,250.66666666666669,0.2718500406892623,0,0.0,1,91.38032118641868,829.5,247.0,95.75489543621256,633.5,258.5,87.00574693662483,731.5,252.75,633.5,258.5,829.5,247.0,blink,279,731.5,252.75,83,1116.0
1.12,731.6666666666667,250.25,0.2780837483358399,0,0.0,1,92.3140766236922,829.0,246.5,96.62815324738438,634.0,259.0,88.0,731.5,252.75,634.0,259.0,829.0,246.5,blink,280,731.5,252.75,83,1120.0
1.124,731.9166666666667,250.25,0.2839203560180808,0,0.0,1,92.93646933602096,829.5,246.5,97.86725703727473,634.0,258.5,88.0056816347672,731.75,252.5,634.0,258.5,829.5,246.5,blink,281,731.5,252.75,83,1124.0
1.128,732.0833333333333,254.0,0.2042066424321757,0,62.50000000000341,1,87.74982473925996,829.5,249.0,91.35097153287424,635.0,261.5,84.1486779456457,732.25,255.25,635.0,261.5,829.5,249.0,visual intake,282,731.5,252.5,83,1128.0
1.132,731.5,250.0,0.2667644200655981,0,88.38834764831837,1,92.3169174410758,829.0,245.5,96.62815324738438,634.0,258.5,88.0056816347672,731.5,252.0,634.0,258.5,829.0,245.5,visual intake,283,731.75,252.25,83,1132.0
1.136,731.4166666666666,249.66666666666669,0.2684958210796098,0,124.99999999999989,1,92.3763873071749,829.0,246.0,96.7470929795826,634.0,257.5,88.0056816347672,731.5,251.75,634.0,257.5,829.0,246.0,visual intake,284,732.25,252.25,83,1136.0
1.14,732.5,250.0,0.2736531163507472,0,62.49999999999994,1,92.4494670042642,830.0,246.5,96.87620966986684,635.0,258.0,88.02272433866155,732.5,252.25,635.0,258.0,830.0,246.5,visual intake,285,732.5,252.25,83,1140.0
1.144,732.75,250.75,0.278338733661955,0,124.99999999999989,1,91.87641995810372,830.0,247.0,96.7470929795826,635.5,258.5,87.00574693662483,732.75,252.75,635.5,258.5,830.0,247.0,visual intake,286,732.5,252.75,83,1144.0
1.148,732.25,250.8333333333333,0.2716645581731196,0,0.0,1,92.3735464897913,830.0,247.0,96.7470929795826,635.0,259.0,88.0,732.5,253.0,635.0,259.0,830.0,247.0,blink,287,732.5,252.75,83,1148.0
1.152,730.9166666666666,250.41666666666669,0.2760532723627091,0,374.99999999999966,1,91.45018004731304,829.0,246.5,94.89467845985884,633.0,259.5,88.0056816347672,731.0,253.0,633.0,259.5,829.0,246.5,visual intake,288,731.0,252.75,83,1152.0
1.156,730.75,250.41666666666669,0.2767713240309401,0,62.49999999999994,1,92.0158598851323,828.5,247.0,96.0260381354974,633.0,258.5,88.0056816347672,730.75,252.75,633.0,258.5,828.5,247.0,visual intake,289,730.75,252.75,83,1156.0
1.16,726.5,235.8333333333333,0.304747175677504,0,0.0,1,91.95210325427392,828.5,233.5,93.90420650854784,625.0,249.0,90.0,726.75,241.25,625.0,249.0,828.5,233.5,blink,290,726.75,241.25,84,1160.0
1.164,725.5833333333334,232.75,0.3170101561294316,0,0.0,1,91.44733922992944,827.0,231.5,94.89467845985884,624.0,246.0,88.0,725.5,238.75,624.0,246.0,827.0,231.5,blink,291,725.5,238.75,84,1164.0
1.168,724.3333333333333,232.25,0.3202374501508257,0,0.0,1,90.89246291908606,827.0,231.0,92.7793080379456,622.5,246.5,89.00561780022652,724.75,238.75,622.5,246.5,827.0,231.0,blink,292,725.5,238.75,85,1168.0
1.172,725.3333333333334,229.25,0.3328823578535819,0,0.0,1,89.52687115291275,826.5,228.0,94.04786015641186,623.5,242.5,85.00588214941364,725.0,235.25,623.5,242.5,826.5,228.0,blink,293,725.5,238.75,85,1172.0
1.176,726.25,228.66666666666669,0.3433077724401617,0,0.0,1,89.60095540432275,826.5,227.5,94.2019108086455,624.5,241.0,85.0,725.5,234.25,624.5,241.0,826.5,227.5,blink,294,725.5,238.75,85,1176.0
1.18,734.0833333333333,246.5,0.2966445829937267,0,0.0,1,91.5077313425396,833.0,243.0,97.01546268507924,635.0,254.0,86.0,734.0,248.5,635.0,254.0,833.0,243.0,blink,295,734.0,248.5,86,1180.0
1.184,748.0833333333333,248.25,0.2754225371024172,0,0.0,1,90.35648579391032,846.5,244.5,91.6624241442479,649.5,255.5,89.05054744357274,748.0,250.0,649.5,255.5,846.5,244.5,blink,296,746.25,248.75,86,1184.0
1.188,749.4166666666667,247.91666666666669,0.2665034142112537,0,0.0,1,86.2557830415719,848.0,244.0,88.36288813749809,651.0,253.5,84.1486779456457,749.5,248.75,651.0,253.5,848.0,244.0,blink,297,746.25,248.75,87,1188.0
1.192,746.0833333333333,248.8333333333333,0.2226975296610375,0,0.0,1,89.67891275736338,845.0,244.5,92.26592003551474,647.5,255.0,87.09190547921202,746.25,249.75,647.5,255.0,845.0,244.5,blink,298,747.125,249.25,87,1192.0
1.196,744.5833333333333,247.91666666666669,0.2315002808942589,0,0.0,1,86.74473582145211,843.0,243.5,88.2779700718135,646.5,254.0,85.21150157109074,744.75,248.75,646.5,254.0,843.0,243.5,blink,299,746.25,248.75,87,1196.0
