timestamp,gaze_x,gaze_y,Eye aspect Ratio,blink,saccade_velocity,fixation,pupil_size,left_pupil_x,left_pupil_y,left_pupil_diameter,right_pupil_x,right_pupil_y,right_pupil_diameter,PoR_binocular_x,PoR_binocular_y,Point of Regard Right X,Point of Regard Right Y,Point of Regard Left X,Point of Regard Left Y,Category Binocular,Index Binocular
0.0,726.8333333333333,257.5833333333333,0.29783060560656105,0,0.0,0,93.74679476642541,828.0,252.5,97.49358953285082,626.0,266.0,90.0,727.0,259.25,626.0,266.0,828.0,252.5,BINOCULAR,0
0.004,727.4166666666666,258.16666666666663,0.28285700399453495,0,206.2394778460797,0,94.6422975141746,827.5,253.0,100.2845950283492,627.5,267.0,89.0,727.5,260.0,627.5,267.0,827.5,253.0,BINOCULAR,1
0.008,728.9166666666667,256.25,0.2967216582858523,0,608.4617444379364,0,94.15157524933889,829.0,252.0,99.29753269845128,628.5,264.5,89.00561780022652,728.75,258.25,628.5,264.5,829.0,252.0,BINOCULAR,2
0.012,729.3333333333333,257.1666666666667,0.3007765594215186,0,251.73012444987558,0,94.23458948355909,829.0,252.5,99.46356116689167,629.5,265.5,89.00561780022652,729.25,259.0,629.5,265.5,829.0,252.5,BINOCULAR,3
0.016,730.0,256.25,0.2913740504567678,0,283.3639689320034,0,94.73455827549502,830.0,251.5,99.46356116689167,630.0,264.5,90.00555538409837,730.0,258.0,630.0,264.5,830.0,251.5,BINOCULAR,4
0.02,730.25,255.58333333333334,0.2927341257609123,0,178.00007802744634,0,94.64876634922564,830.0,251.0,99.29753269845128,631.0,264.0,90.0,730.5,257.5,631.0,264.0,830.0,251.0,BINOCULAR,5
0.024,730.6666666666666,255.58333333333331,0.2950834495013074,0,104.16666666665719,0,94.14876634922564,830.0,251.0,99.29753269845128,631.5,264.0,89.0,730.75,257.5,631.5,264.0,830.0,251.0,BINOCULAR,6
0.028,730.5,255.41666666666669,0.28777750509129807,0,58.92556509886556,0,93.65817483304066,829.5,251.0,98.3107318658548,631.5,263.5,89.00561780022652,730.5,257.25,631.5,263.5,829.5,251.0,BINOCULAR,7
0.032,728.6666666666667,255.33333333333334,0.2982641786577789,0,458.806573865507,0,93.73462140082944,828.0,250.5,99.46356116689167,629.0,264.5,88.0056816347672,728.5,257.5,629.0,264.5,828.0,250.5,BINOCULAR,8
0.036000000000000004,727.9166666666667,255.33333333333331,0.2924029441824647,0,187.49999999999983,0,94.23178058344584,827.0,250.5,99.46356116689167,628.5,264.0,89.0,727.75,257.25,628.5,264.0,827.0,250.5,BINOCULAR,9
0.04,728.8333333333333,255.5,0.2815264352743364,0,232.92374765619186,0,94.23178058344584,828.0,250.5,99.46356116689167,629.5,264.0,89.0,728.75,257.25,629.5,264.0,828.0,250.5,BINOCULAR,10
0.044,729.5,255.16666666666666,0.293536750871214,0,186.33899812500064,0,94.23178058344584,829.0,250.5,99.46356116689167,629.5,264.0,89.0,729.25,257.25,629.5,264.0,829.0,250.5,BINOCULAR,11
0.048,730.5833333333333,254.08333333333331,0.2946621196584144,0,383.0161731427012,0,93.73462140082944,830.0,249.5,99.46356116689167,631.0,262.5,88.0056816347672,730.5,256.0,631.0,262.5,830.0,249.5,BINOCULAR,12
0.052000000000000005,731.4166666666667,254.75,0.29114560156863933,0,266.796843226401,0,95.1422975141746,830.5,250.0,100.2845950283492,632.0,264.0,90.0,731.25,257.0,632.0,264.0,830.5,250.0,BINOCULAR,13
0.056,730.25,255.75,0.2917682013882063,0,384.1476857205517,0,94.07065664281643,830.0,251.5,99.14131328563285,630.5,264.0,89.0,730.25,257.75,630.5,264.0,830.0,251.5,BINOCULAR,14
0.06,732.4166666666667,255.91666666666669,0.28890218434044534,0,543.2668671002405,0,94.14876634922564,832.0,252.0,99.29753269845128,632.5,264.0,89.0,732.25,258.0,632.5,264.0,832.0,252.0,BINOCULAR,15
0.064,733.75,256.3333333333333,0.28688056809699325,0,349.2303044633165,0,94.23921201644072,833.5,252.5,98.47842403288143,634.0,264.0,90.0,733.75,258.25,634.0,264.0,833.5,252.5,BINOCULAR,16
0.068,734.75,254.25,0.29135191240322555,0,577.7260259942472,0,94.07647094076754,834.5,249.5,98.15294188153507,635.0,263.0,90.0,734.75,256.25,635.0,263.0,834.5,249.5,BINOCULAR,17
0.07200000000000001,733.0,253.75,0.29461318397733144,0,455.00686808003195,0,94.73178058344584,833.0,249.5,99.46356116689167,633.0,262.0,90.0,733.0,255.75,633.0,262.0,833.0,249.5,BINOCULAR,18
0.076,732.4166666666667,252.83333333333334,0.2961368250222487,0,271.63343355009886,0,95.0649578048359,831.5,248.5,100.12991560967181,633.0,262.0,90.0,732.25,255.25,633.0,262.0,831.5,248.5,BINOCULAR,19
0.08,733.5,253.66666666666669,0.2997120866803149,0,341.6920722261679,0,94.73455827549502,834.0,249.5,99.46356116689167,633.0,262.5,90.00555538409837,733.5,256.0,633.0,262.5,834.0,249.5,BINOCULAR,20
0.084,732.5,254.58333333333331,0.29009914001078896,0,339.14209575207053,0,95.1422975141746,832.5,250.0,100.2845950283492,632.0,263.0,90.0,732.25,256.5,632.0,263.0,832.5,250.0,BINOCULAR,21
0.088,730.9166666666667,254.0,0.29649438405997264,0,421.84284856907726,0,95.0649578048359,830.5,249.5,100.12991560967181,631.0,263.0,90.0,730.75,256.25,631.0,263.0,830.5,249.5,BINOCULAR,22
0.092,731.8333333333333,254.41666666666669,0.29228769346107175,0,251.73012444985415,0,95.15151351903947,832.0,250.0,99.29753269845128,631.5,263.5,91.00549433962765,731.75,256.75,631.5,263.5,832.0,250.0,BINOCULAR,23
0.096,732.3333333333334,254.25,0.2872231591035395,0,131.76156917371082,0,94.1553659329274,832.5,250.0,98.3107318658548,632.0,263.0,90.0,732.25,256.5,632.0,263.0,832.5,250.0,BINOCULAR,24
0.1,731.25,254.58333333333334,0.2981418218928902,0,283.36396893199793,0,95.1450752062238,831.5,250.0,100.2845950283492,631.0,263.5,90.00555538409837,731.25,256.75,631.0,263.5,831.5,250.0,BINOCULAR,25
0.10400000000000001,731.75,254.75,0.2868615511339055,0,131.7615691736816,0,94.56776670494916,831.5,250.5,100.12991560967181,631.5,263.5,89.00561780022652,731.5,257.0,631.5,263.5,831.5,250.5,BINOCULAR,26
0.108,732.5,254.0,0.29296652539644075,0,265.165042944956,0,94.73455827549502,833.0,250.5,99.46356116689167,632.0,262.5,90.00555538409837,732.5,256.5,632.0,262.5,833.0,250.5,BINOCULAR,27
0.112,733.8333333333333,266.25,0.06003220419422875,0,3080.5871779761537,0,92.06604182158392,832.5,257.0,97.0,635.0,270.0,87.13208364316786,733.75,263.5,635.0,270.0,832.5,257.0,BINOCULAR,28
0.116,732.8333333333334,255.41666666666669,0.26946135988515774,0,2719.8473200612552,0,92.94933937184555,832.0,250.5,96.87620966986684,633.5,264.0,89.02246907382428,732.75,257.25,633.5,264.0,832.0,250.5,BINOCULAR,29
0.12,732.25,254.33333333333334,0.2794436594918147,0,307.60048042153653,0,93.16490914249901,832.0,250.0,97.32420048477151,632.5,262.5,89.00561780022652,732.25,256.25,632.5,262.5,832.0,250.0,BINOCULAR,30
0.124,732.9166666666667,254.58333333333331,0.29144047010171115,0,178.00007802746364,0,93.08521312221819,833.0,250.5,97.16480844420988,632.5,262.5,89.00561780022652,732.75,256.5,632.5,262.5,833.0,250.5,BINOCULAR,31
0.128,733.25,254.66666666666669,0.2780636062038497,0,85.89803386701844,0,94.16000088613778,833.0,250.0,99.29753269845128,633.5,263.0,89.02246907382428,733.25,256.5,633.5,263.0,833.0,250.0,BINOCULAR,32
0.132,732.8333333333333,254.25,0.28517910077567177,0,147.313912747214,0,93.65817483304066,832.5,250.0,98.3107318658548,633.5,262.5,89.00561780022652,733.0,256.25,633.5,262.5,832.5,250.0,BINOCULAR,33
0.136,732.25,255.0,0.28146337948583466,0,237.5365468956419,0,93.57927984088079,832.5,250.5,98.15294188153507,632.5,263.5,89.00561780022652,732.5,257.0,632.5,263.5,832.5,250.5,BINOCULAR,34
0.14,732.4166666666667,255.16666666666669,0.2822887991586071,0,58.92556509889566,0,94.07065664281643,832.0,250.5,99.14131328563285,632.5,264.0,89.0,732.25,257.25,632.5,264.0,832.0,250.5,BINOCULAR,35
0.14400000000000002,734.1666666666666,254.75,0.2831988661235767,0,449.7298571858668,0,93.08240422210494,834.0,250.5,97.16480844420988,634.5,263.0,89.0,734.25,256.75,634.5,263.0,834.0,250.5,BINOCULAR,36
0.148,735.4166666666667,254.58333333333331,0.28957154171546007,0,315.26554063381315,0,92.67178231661862,835.5,251.0,96.33794683301072,635.5,262.5,89.00561780022652,735.5,256.75,635.5,262.5,835.5,251.0,BINOCULAR,37
0.152,736.8333333333333,254.91666666666666,0.28732002876304047,0,363.83852492856704,0,91.59464255564905,837.0,250.5,95.1892851112981,637.0,263.0,88.0,737.0,256.75,637.0,263.0,837.0,250.5,BINOCULAR,38
0.156,737.3333333333333,254.08333333333331,0.2860284241628767,0,242.95632895188933,0,93.00773134253961,837.0,250.0,97.01546268507923,637.5,262.0,89.0,737.25,256.0,637.5,262.0,837.0,250.0,BINOCULAR,39
0.16,737.3333333333334,254.08333333333334,0.2794913808258805,0,2.9296427510542295e-11,0,93.07931175815114,836.5,250.5,98.15294188153507,638.0,261.5,88.0056816347672,737.25,256.0,638.0,261.5,836.5,250.5,BINOCULAR,40
0.164,738.5833333333333,254.58333333333331,0.28542484219878245,0,336.57280044587714,0,92.66210024238575,838.0,251.0,97.32420048477151,639.0,262.0,88.0,738.5,256.5,639.0,262.0,838.0,251.0,BINOCULAR,41
0.168,737.3333333333333,254.16666666666669,0.2890155780552426,0,329.4039229342029,0,93.00255095400647,835.5,250.0,98.00510190801293,639.0,262.0,88.0,737.25,256.0,639.0,262.0,835.5,250.0,BINOCULAR,42
0.17200000000000001,737.6666666666667,255.08333333333331,0.2817272573610349,0,243.8479148066627,0,92.57934440907995,836.5,251.5,98.15294188153507,638.5,262.5,87.00574693662483,737.5,257.0,638.5,262.5,836.5,251.5,BINOCULAR,43
0.176,737.25,254.5,0.2805930443648895,0,179.21510973006298,0,92.00773134253961,836.0,251.0,97.01546268507923,638.5,262.0,87.0,737.25,256.5,638.5,262.0,836.0,251.0,BINOCULAR,44
0.18,738.25,254.83333333333331,0.2874567842200636,0,263.5231383473632,0,92.51582796786195,837.5,251.0,96.0260381354974,638.5,262.5,89.00561780022652,738.0,256.75,638.5,262.5,837.5,251.0,BINOCULAR,45
0.184,738.5833333333333,254.58333333333331,0.2923637578058496,0,104.16666666665142,0,92.59126905429162,838.5,250.5,96.17692030835673,638.5,262.5,89.00561780022652,738.5,256.5,638.5,262.5,838.5,250.5,BINOCULAR,46
0.188,737.8333333333334,255.08333333333331,0.2854937826687559,0,225.34695471647547,0,93.07931175815114,837.5,251.5,98.15294188153507,638.0,262.5,88.0056816347672,737.75,257.0,638.0,262.5,837.5,251.5,BINOCULAR,47
0.192,737.4166666666666,255.08333333333331,0.2877142315286722,0,104.16666666668551,0,92.50773134253961,837.0,251.0,97.01546268507923,638.0,263.0,88.0,737.5,257.0,638.0,263.0,837.0,251.0,BINOCULAR,48
0.196,737.8333333333333,254.5,0.2971042130479457,0,179.2151097300452,0,92.0130190677487,837.5,251.0,96.0260381354974,638.0,262.0,88.0,737.75,256.5,638.0,262.0,837.5,251.0,BINOCULAR,49
0.2,738.1666666666666,255.33333333333331,0.2890395290541572,0,224.38186696393657,0,92.58524503948854,838.0,251.5,97.16480844420988,638.0,262.5,88.0056816347672,738.0,257.0,638.0,262.5,838.0,251.5,BINOCULAR,50
0.20400000000000001,739.0833333333333,259.9166666666667,0.15317326171137924,0,1168.525305198353,0,86.84315206460232,837.0,255.0,90.19977827023745,640.5,265.5,83.48652585896721,738.75,260.25,640.5,265.5,837.0,255.0,BINOCULAR,51
0.20800000000000002,738.4166666666667,255.33333333333331,0.272724743134987,0,1157.891102632524,0,91.8842398620418,837.0,251.0,94.76286192385707,639.5,263.5,89.00561780022652,738.25,257.25,639.5,263.5,837.0,251.0,BINOCULAR,52
0.212,738.1666666666666,255.0,0.278799606662572,0,104.16666666668056,0,91.94267410147248,837.5,251.5,95.88534820294495,639.0,262.0,88.0,738.25,256.75,639.0,262.0,837.5,251.5,BINOCULAR,53
0.216,738.4166666666667,255.16666666666669,0.2829748996068002,0,75.11565157219265,0,91.94267410147248,837.5,251.5,95.88534820294495,639.0,263.0,88.0,738.25,257.25,639.0,263.0,837.5,251.5,BINOCULAR,54
0.22,737.75,254.75,0.29065726226048016,0,196.54127358453098,0,92.0158598851323,837.5,251.0,96.0260381354974,638.0,262.5,88.0056816347672,737.75,256.75,638.0,262.5,837.5,251.0,BINOCULAR,55
0.224,737.8333333333333,255.08333333333331,0.27815011270532114,0,85.89803386702533,0,93.50255095400647,837.5,251.0,98.00510190801293,638.5,263.0,89.0,738.0,257.0,638.5,263.0,837.5,251.0,BINOCULAR,56
0.228,737.75,255.33333333333334,0.2828252856231759,0,65.88078458684193,0,92.08846015417836,837.5,251.5,96.17692030835673,638.0,263.0,88.0,737.75,257.25,638.0,263.0,837.5,251.5,BINOCULAR,57
0.232,737.9166666666667,255.16666666666666,0.2886914712290396,0,58.92556509889566,0,93.00773134253961,837.0,251.0,97.01546268507923,638.5,263.0,89.0,737.75,257.0,638.5,263.0,837.0,251.0,BINOCULAR,58
0.23600000000000002,738.3333333333333,255.66666666666669,0.2804750643701752,0,162.71353491470302,0,93.08240422210494,838.0,251.5,97.16480844420988,638.5,263.0,89.0,738.25,257.25,638.5,263.0,838.0,251.5,BINOCULAR,59
0.24,737.75,255.58333333333331,0.2800031762168368,0,147.31391274718086,0,93.00773134253961,837.0,252.0,97.01546268507923,638.5,263.0,89.0,737.75,257.5,638.5,263.0,837.0,252.0,BINOCULAR,60
0.244,738.0833333333333,256.0833333333333,0.28548487244967774,0,150.23130314432223,0,92.59126905429162,837.5,252.5,96.17692030835673,638.5,263.5,89.00561780022652,738.0,258.0,638.5,263.5,837.5,252.5,BINOCULAR,61
0.248,738.9166666666666,255.33333333333331,0.28584076750852083,0,280.28383431404245,0,92.51582796786195,838.5,251.0,96.0260381354974,639.5,263.5,89.00561780022652,739.0,257.25,639.5,263.5,838.5,251.0,BINOCULAR,62
0.252,739.1666666666666,255.5,0.28406879755516945,0,75.115651572169,0,92.66210024238575,838.0,252.0,97.32420048477151,640.0,263.0,88.0,739.0,257.5,640.0,263.0,838.0,252.0,BINOCULAR,63
0.256,738.3333333333333,255.58333333333331,0.2908905607731558,0,209.37240877336063,0,93.08521312221819,837.0,251.5,97.16480844420988,639.5,263.5,89.00561780022652,738.25,257.5,639.5,263.5,837.0,251.5,BINOCULAR,64
0.26,737.4166666666666,254.91666666666666,0.28585724761880915,0,283.3639689319791,0,92.58524503948854,836.0,250.5,97.16480844420988,639.0,263.5,88.0056816347672,737.5,257.0,639.0,263.5,836.0,250.5,BINOCULAR,65
0.264,738.0,254.41666666666666,0.28609881493182315,0,192.0738428602755,0,93.07931175815114,836.5,250.5,98.15294188153507,639.0,262.5,88.0056816347672,737.75,256.5,639.0,262.5,836.5,250.5,BINOCULAR,66
0.268,736.5833333333333,254.75,0.28232044063316836,0,363.8385249286224,0,92.59376639143571,835.0,250.5,97.16480844420988,638.0,263.0,88.02272433866155,736.5,256.75,638.0,263.0,835.0,250.5,BINOCULAR,67
0.272,736.1666666666667,255.08333333333331,0.27371693477131437,0,133.39842161315167,0,92.58796367544628,833.5,250.5,98.15294188153507,638.5,263.0,87.02298546935747,736.0,256.75,638.5,263.0,833.5,250.5,BINOCULAR,68
0.276,736.75,255.58333333333331,0.27237953736865916,0,192.0738428602539,0,92.08527769041736,835.0,251.5,97.16480844420988,638.5,263.5,87.00574693662483,736.75,257.5,638.5,263.5,835.0,251.5,BINOCULAR,69
0.28,738.25,255.33333333333331,0.28062520231591814,0,380.1726581436384,0,91.09464255564905,837.0,251.5,95.1892851112981,639.5,263.0,87.0,738.25,257.25,639.5,263.0,837.0,251.5,BINOCULAR,70
0.28400000000000003,738.3333333333333,256.0,0.2814889212716024,0,167.9637030895553,0,92.51057215992321,837.0,252.0,97.01546268507923,640.0,263.5,88.0056816347672,738.5,257.75,640.0,263.5,837.0,252.0,BINOCULAR,71
0.28800000000000003,737.75,256.25,0.2803839842256679,0,158.66193970548053,0,92.08240422210494,836.0,252.5,97.16480844420988,639.5,264.0,87.0,737.75,258.25,639.5,264.0,836.0,252.5,BINOCULAR,72
0.292,736.4166666666666,257.0,0.27559760585566817,0,382.44916147263444,0,93.00539177139007,834.5,253.0,98.00510190801293,638.0,264.5,88.0056816347672,736.25,258.75,638.0,264.5,834.5,253.0,BINOCULAR,73
0.296,735.9166666666667,256.0,0.2788047501430774,0,279.50849718746076,0,93.07931175815114,834.5,251.5,98.15294188153507,637.0,264.5,88.0056816347672,735.75,258.0,637.0,264.5,834.5,251.5,BINOCULAR,74
0.3,736.6666666666666,256.1666666666667,0.28338838901688834,0,192.0738428602416,0,93.07931175815114,835.5,251.5,98.15294188153507,638.0,264.5,88.0056816347672,736.75,258.0,638.0,264.5,835.5,251.5,BINOCULAR,75
0.304,737.25,255.5,0.2803316786764585,0,221.46137109864813,0,92.08527769041736,836.0,251.5,97.16480844420988,638.5,263.5,87.00574693662483,737.25,257.5,638.5,263.5,836.0,251.5,BINOCULAR,76
0.308,737.0,255.83333333333334,0.28402885701709185,0,104.16666666666846,0,93.08240422210494,835.0,251.5,97.16480844420988,638.5,264.0,89.0,736.75,257.75,638.5,264.0,835.0,251.5,BINOCULAR,77
0.312,736.4166666666667,256.1666666666667,0.2822530170809435,0,167.9637030895377,0,94.00028358317158,835.0,252.0,98.99494936611666,637.5,264.5,89.00561780022652,736.25,258.25,637.5,264.5,835.0,252.0,BINOCULAR,78
0.316,736.5833333333333,256.6666666666667,0.27939172349503916,0,131.76156917367038,0,92.58524503948854,836.0,252.5,97.16480844420988,637.0,264.5,88.0056816347672,736.5,258.5,637.0,264.5,836.0,252.5,BINOCULAR,79
0.32,736.75,256.3333333333333,0.2800631449506107,0,93.1694990625081,0,93.07647094076754,835.5,252.5,98.15294188153507,638.0,264.0,88.0,736.75,258.25,638.0,264.0,835.5,252.5,BINOCULAR,80
0.324,737.9166666666666,265.66666666666663,0.06333547587478713,0,2351.4918432537356,0,93.35262063501341,836.0,258.0,98.02040603874276,640.0,269.5,88.68483523128404,738.0,263.75,640.0,269.5,836.0,258.0,BINOCULAR,81
0.328,736.25,257.41666666666663,0.2665308311406752,0,2104.166666666663,0,92.38490865912206,835.0,253.0,96.74709297958259,637.0,266.0,88.02272433866155,736.0,259.5,637.0,266.0,835.0,253.0,BINOCULAR,82
0.332,734.0,257.1666666666667,0.26275300729123485,0,565.9615711335864,0,91.59403055731808,833.0,253.5,97.16480844420988,634.0,265.0,86.02325267042627,733.5,259.25,634.0,265.0,833.0,253.5,BINOCULAR,83
0.336,733.9166666666667,257.4166666666667,0.2687139410974847,0,65.88078458683519,0,91.0913670326674,833.5,253.5,96.17692030835673,634.0,265.5,86.00581375697809,733.75,259.5,634.0,265.5,833.5,253.5,BINOCULAR,84
0.34,731.5833333333333,259.6666666666667,0.2826908645545083,0,810.3604307823902,0,91.0130190677487,828.5,257.0,96.0260381354974,633.0,267.0,86.0,730.75,262.0,633.0,267.0,828.5,257.0,BINOCULAR,85
0.34400000000000003,728.5,258.4166666666667,0.2581240918340634,0,831.7693657365287,0,91.38427177931214,823.0,254.0,94.76286192385707,633.0,266.5,88.0056816347672,728.0,260.25,633.0,266.5,823.0,254.0,BINOCULAR,86
0.34800000000000003,728.4166666666666,258.5,0.26684271756500255,0,29.462782549442807,0,92.94733922992943,821.0,254.5,94.89467845985885,635.5,267.0,91.0,728.25,260.75,635.5,267.0,821.0,254.5,BINOCULAR,87
0.352,727.4166666666666,256.9166666666667,0.26581004821453036,0,468.17093863009023,0,92.88417813174236,821.0,253.0,94.76286192385707,633.5,265.5,91.00549433962765,727.25,259.25,633.5,265.5,821.0,253.0,BINOCULAR,88
0.356,726.9166666666666,256.9166666666667,0.26823961174228833,0,124.99999999999989,0,92.95008639974324,820.0,252.5,94.89467845985885,633.5,265.5,91.00549433962765,726.75,259.0,633.5,265.5,820.0,252.5,BINOCULAR,89
0.36,726.6666666666667,257.0,0.2703695887341978,0,65.88078458681272,0,92.0158598851323,822.5,253.0,96.0260381354974,630.0,266.5,88.0056816347672,726.25,259.75,630.0,266.5,822.5,253.0,BINOCULAR,90
0.364,731.1666666666667,257.75,0.2566931416919138,0,1140.5179744309153,0,90.87648756449812,830.0,253.0,96.74709297958259,631.5,265.5,85.00588214941364,730.75,259.25,631.5,265.5,830.0,253.0,BINOCULAR,91
0.368,734.9166666666666,260.0,0.23758098818028187,0,1093.3034802834686,0,91.39279313125931,832.0,255.0,94.76286192385707,639.0,268.0,88.02272433866155,735.5,261.5,639.0,268.0,832.0,255.0,BINOCULAR,92
0.372,734.5833333333334,258.9166666666667,0.22486602184996168,0,283.36396893197804,0,93.37380315046272,830.5,255.0,99.72462083156798,638.5,267.0,87.02298546935747,734.5,261.0,638.5,267.0,830.5,255.0,BINOCULAR,93
0.376,735.9166666666667,257.66666666666663,0.22588660728071652,0,456.9106708221268,0,92.93657000067961,831.5,254.5,99.84988733093293,639.0,266.0,86.02325267042627,735.25,260.25,639.0,266.0,831.5,254.5,BINOCULAR,94
0.38,738.0,258.0,0.2312150073134064,0,527.4578708821558,0,93.4364364001452,834.5,254.5,99.84988733093293,640.5,266.0,87.02298546935747,737.5,260.25,640.5,266.0,834.5,254.5,BINOCULAR,95
0.384,739.25,258.0833333333333,0.23836231906689193,0,313.193674549435,0,93.93205125724432,835.0,254.5,98.85848471426213,643.5,265.5,89.00561780022652,739.25,260.0,643.5,265.5,835.0,254.5,BINOCULAR,96
0.388,737.0833333333333,259.25,0.240880494247653,0,615.2009608430767,0,93.36598018878993,832.0,256.0,98.73196037757987,642.0,267.0,88.0,737.0,261.5,642.0,267.0,832.0,256.0,BINOCULAR,97
0.392,737.5,258.66666666666663,0.24640039223647514,0,179.2151097300733,0,93.50031550044193,833.0,255.0,98.99494936611666,642.0,266.5,88.0056816347672,737.5,260.75,642.0,266.5,833.0,255.0,BINOCULAR,98
0.396,739.25,259.0,0.23798640391491904,0,445.3657984673337,0,94.00028358317158,835.0,255.0,98.99494936611666,643.5,266.5,89.00561780022652,739.25,260.75,643.5,266.5,835.0,255.0,BINOCULAR,99
0.4,734.8333333333333,255.25,0.2583722975718893,0,1448.4786079807377,0,91.46425967126524,833.0,250.5,96.87620966986684,636.0,264.5,86.05230967266364,734.5,257.5,636.0,264.5,833.0,250.5,BINOCULAR,100
0.404,731.75,257.83333333333337,0.2712006477611168,0,1005.6265321789215,0,90.45210325427392,827.5,254.5,93.90420650854784,635.5,266.0,87.0,731.5,260.25,635.5,266.0,827.5,254.5,BINOCULAR,101
0.40800000000000003,730.3333333333334,257.3333333333333,0.26770134187585465,0,375.5782578608277,0,91.45018004731303,826.0,253.5,94.89467845985885,634.0,266.5,88.0056816347672,730.0,260.0,634.0,266.5,826.0,253.5,BINOCULAR,102
0.41200000000000003,728.3333333333333,257.8333333333333,0.27140644537032543,0,515.3882032022346,0,91.5212582994505,824.0,254.0,95.03683496413377,632.0,266.5,88.0056816347672,728.0,260.25,632.0,266.5,824.0,254.0,BINOCULAR,103
0.41600000000000004,727.1666666666667,255.33333333333331,0.278923023958315,0,689.7060565519354,0,92.94267410147248,821.5,251.5,95.88534820294495,632.0,265.0,90.0,726.75,258.25,632.0,265.0,821.5,251.5,BINOCULAR,104
0.42,727.25,254.41666666666666,0.28622742518237954,0,230.11168785806683,0,92.44548300158573,821.5,250.5,95.88534820294495,632.5,263.5,89.00561780022652,727.0,257.0,632.5,263.5,821.5,250.5,BINOCULAR,105
0.424,727.6666666666667,258.9166666666667,0.27880209162225833,0,1129.8122385796953,0,89.52393007820592,824.5,255.0,94.04786015641186,630.5,267.0,85.0,727.5,261.0,630.5,267.0,824.5,255.0,BINOCULAR,106
0.428,732.75,258.0833333333333,0.22696264454792697,0,1287.7966217104477,0,89.29450699582026,831.5,252.0,93.53608929178085,635.5,266.5,85.05292469985967,733.5,259.25,635.5,266.5,831.5,252.0,BINOCULAR,107
0.432,735.3333333333334,257.5833333333333,0.2490546690729455,0,657.8188918269647,0,92.94267410147248,832.5,252.5,95.88534820294495,639.0,266.0,90.0,735.75,259.25,639.0,266.0,832.5,252.5,BINOCULAR,108
0.436,735.9166666666666,256.9166666666667,0.23784921832573006,0,221.46137109861874,0,93.4924994374156,832.5,254.0,99.98499887483122,638.5,265.0,87.0,735.5,259.5,638.5,265.0,832.5,254.0,BINOCULAR,109
0.44,736.8333333333333,257.8333333333333,0.2524772998142147,0,324.0906080438206,0,92.9924994374156,832.5,255.0,99.98499887483122,640.0,266.0,86.0,736.25,260.5,640.0,266.0,832.5,255.0,BINOCULAR,110
0.444,736.9166666666666,257.5,0.24300481073877644,0,85.89803386703221,0,93.49537290572803,832.5,254.0,99.98499887483122,640.5,265.5,87.00574693662483,736.5,259.75,640.5,265.5,832.5,254.0,BINOCULAR,111
0.448,737.25,257.8333333333333,0.24396570062602996,0,117.85113019776118,0,92.92494366546646,833.5,254.5,99.84988733093293,640.0,266.0,86.0,736.75,260.25,640.0,266.0,833.5,254.5,BINOCULAR,112
0.452,737.6666666666667,257.0,0.26071422534313293,0,232.92374765623214,0,93.99747468305833,835.0,253.0,98.99494936611666,640.5,266.0,89.0,737.75,259.5,640.5,266.0,835.0,253.0,BINOCULAR,113
0.456,731.3333333333334,239.5,0.3226351005775412,0,4652.694858299267,0,90.27419601435696,833.0,235.5,95.524865872714,627.5,254.0,85.0235261559999,730.25,244.75,627.5,254.0,833.0,235.5,BINOCULAR,114
0.46,731.25,233.16666666666666,0.35881703705425655,0,1583.4703888049899,0,90.4436614641662,835.5,233.5,96.88137075826292,628.0,245.5,84.00595217006948,731.75,239.5,628.0,245.5,835.5,233.5,BINOCULAR,115
0.464,732.8333333333334,230.25,0.36659900392467837,0,829.6794896558299,0,90.30458887044696,835.0,229.5,93.55746896961247,631.5,242.5,87.05170877128145,733.25,236.0,631.5,242.5,835.0,229.5,BINOCULAR,116
0.468,732.9166666666667,226.66666666666669,0.3661214868047906,0,896.0755486502683,0,89.74389641678714,835.5,225.0,92.39588735436226,631.5,240.0,87.09190547921202,733.5,232.5,631.5,240.0,835.5,225.0,BINOCULAR,117
0.47200000000000003,733.3333333333334,223.58333333333331,0.3485526383384666,0,777.839779274777,0,90.78099581570899,836.5,223.5,96.5090669315583,630.5,237.5,85.05292469985967,733.5,230.5,630.5,237.5,836.5,223.5,BINOCULAR,118
0.47600000000000003,731.75,222.16666666666669,0.34389480754146834,0,531.1478659992487,0,89.69491685135426,834.5,221.0,94.36630754670864,630.5,236.0,85.0235261559999,732.5,228.5,630.5,236.0,834.5,221.0,BINOCULAR,119
0.48,731.9166666666667,223.25,0.34617301838865366,0,274.0197174576248,0,88.71724729808071,834.0,221.0,93.38094023943002,631.0,237.5,84.0535543567314,732.5,229.25,631.0,237.5,834.0,221.0,BINOCULAR,120
0.484,734.5,232.33333333333331,0.33251486116828544,0,2360.8864272179985,0,91.20841180266817,836.0,229.5,93.2148056909416,634.5,243.0,89.20201791439474,735.25,236.25,634.5,243.0,836.0,229.5,BINOCULAR,121
0.488,732.0,260.0,0.1650533564948817,0,6944.8472105423425,0,87.64944527158939,828.5,254.0,89.08984229416954,636.0,264.0,86.20904824900923,732.25,259.0,636.0,264.0,828.5,254.0,BINOCULAR,122
0.492,734.5,264.5833333333333,0.12258683231896783,1,1305.2045923064184,0,88.76202131658938,831.0,257.5,92.04890004774636,637.5,268.5,85.47514258543241,734.25,263.0,637.5,268.5,831.0,257.5,BINOCULAR,123
0.496,735.1666666666666,267.83333333333337,0.10801980510787604,0,829.4178848914439,0,90.80736690878153,833.5,260.5,93.04837451562494,637.0,271.0,88.56635930193812,735.25,265.75,637.0,271.0,833.5,260.5,BINOCULAR,124
0.5,736.5833333333334,269.08333333333337,0.0863311129526852,0,472.3243353647902,0,90.78586774531475,835.5,261.5,93.00537618869137,638.0,272.0,88.56635930193812,736.75,266.75,638.0,272.0,835.5,261.5,BINOCULAR,125
0.504,735.4166666666666,268.8333333333333,0.07113894367753398,0,298.2879388182786,0,91.72960886982167,834.0,261.5,94.00531899844816,636.5,271.5,89.45389874119518,735.25,266.5,636.5,271.5,834.0,261.5,BINOCULAR,126
0.508,734.3333333333333,268.75,0.08427944272460483,0,271.63343355011926,0,91.83755326454335,832.5,261.5,93.00537618869137,636.0,271.5,90.6697303403953,734.25,266.5,636.0,271.5,832.5,261.5,BINOCULAR,127
0.512,734.3333333333334,241.08333333333334,0.289540670922226,0,6916.666666666658,0,88.77873448480624,836.0,238.5,93.55746896961247,632.0,254.0,84.0,734.0,246.25,632.0,254.0,836.0,238.5,BINOCULAR,128
0.516,734.0833333333333,233.33333333333334,0.34956863692370377,0,1938.507802408852,0,92.24354366144578,836.0,232.5,99.46356116689167,631.5,245.0,85.0235261559999,733.75,238.75,631.5,245.0,836.0,232.5,BINOCULAR,129
0.52,734.0833333333333,230.75,0.36010459485312546,0,645.8333333333351,0,91.27392567103573,837.0,230.5,95.524865872714,632.5,243.0,87.02298546935747,734.75,236.75,632.5,243.0,837.0,230.5,BINOCULAR,130
0.524,731.8333333333333,229.0,0.3530736211029739,0,712.6096406869606,0,90.30458887044696,835.0,228.5,93.55746896961247,630.5,242.5,87.05170877128145,732.75,235.5,630.5,242.5,835.0,228.5,BINOCULAR,131
0.528,731.25,227.33333333333331,0.37936501401175526,0,441.4504187586872,0,90.7963525848347,832.5,225.5,94.54099639838793,630.5,240.5,87.05170877128145,731.5,233.0,630.5,240.5,832.5,225.5,BINOCULAR,132
0.532,731.6666666666666,227.75,0.37067745930170237,0,147.3139127471939,0,91.20871453071436,833.5,226.0,94.36630754670864,631.0,240.5,88.05112151472007,732.25,233.25,631.0,240.5,833.5,226.0,BINOCULAR,133
0.536,732.5,227.33333333333334,0.37693718518828734,0,232.92374765623532,0,91.29605895655399,834.5,225.5,94.54099639838793,631.0,240.5,88.05112151472007,732.75,233.0,631.0,240.5,834.5,225.5,BINOCULAR,134
0.54,733.0,229.66666666666669,0.3798623806039526,0,596.5758776365166,0,92.3149207174148,835.5,227.5,94.54099639838793,631.0,242.0,90.08884503644167,733.25,234.75,631.0,242.0,835.5,227.5,BINOCULAR,135
0.544,732.5,233.33333333333331,0.3619256979225047,0,925.1501379655947,0,91.69438831026646,833.5,230.0,94.36630754670864,631.5,245.0,89.02246907382428,732.5,237.5,631.5,245.0,833.5,230.0,BINOCULAR,136
0.548,733.5833333333333,247.91666666666666,0.28127602574035665,0,3655.8790172664185,0,91.45018004731303,833.0,243.5,94.89467845985885,634.0,256.5,88.0056816347672,733.5,250.0,634.0,256.5,833.0,243.5,BINOCULAR,137
0.552,735.0,255.66666666666669,0.24619617075730632,0,1969.6040916330905,0,88.79482182425613,833.5,251.0,93.53608929178085,636.0,262.5,84.0535543567314,734.75,256.75,636.0,262.5,833.5,251.0,BINOCULAR,138
0.556,734.4166666666667,255.16666666666666,0.25157088396790583,0,192.07384286025854,0,91.77379510568778,832.5,250.0,95.524865872714,636.0,264.0,88.02272433866155,734.25,257.0,636.0,264.0,832.5,250.0,BINOCULAR,139
0.56,734.8333333333333,256.0,0.26289735137708825,0,232.92374765621307,0,91.96823485883252,833.5,251.5,95.88534820294495,636.0,263.5,88.05112151472007,734.75,257.5,636.0,263.5,833.5,251.5,BINOCULAR,140
0.5640000000000001,734.75,254.58333333333331,0.27104211942242457,0,354.77888262347,0,92.02438123707947,833.5,250.0,96.0260381354974,636.0,263.0,88.02272433866155,734.75,256.5,636.0,263.0,833.5,250.0,BINOCULAR,141
0.5680000000000001,735.5833333333333,254.66666666666666,0.27801756406251943,0,209.37240877333306,0,92.09982232350913,834.5,250.5,96.17692030835673,637.0,263.0,88.02272433866155,735.75,256.75,637.0,263.0,834.5,250.5,BINOCULAR,142
0.5720000000000001,735.1666666666667,254.16666666666666,0.27964356189255457,0,162.71353491469756,0,92.09130097156196,833.5,249.5,96.17692030835673,637.0,262.5,88.0056816347672,735.25,256.0,637.0,262.5,833.5,249.5,BINOCULAR,143
0.5760000000000001,734.25,254.41666666666669,0.27351847006622787,0,237.53654689567367,0,89.53569315620588,832.5,251.0,94.04786015641186,635.5,262.0,85.0235261559999,734.0,256.5,635.5,262.0,832.5,251.0,BINOCULAR,144
0.58,732.9166666666666,255.58333333333331,0.2634768574908668,0,442.92274219728984,0,92.88417813174236,829.0,251.0,94.76286192385707,636.5,265.5,91.00549433962765,732.75,258.25,636.5,265.5,829.0,251.0,BINOCULAR,145
0.584,732.4166666666667,253.91666666666669,0.276421385247159,0,435.01277120458866,0,92.9548205653198,827.5,249.5,93.90420650854784,637.0,264.5,92.00543462209176,732.25,257.0,637.0,264.5,827.5,249.5,BINOCULAR,146
0.588,729.6666666666667,253.83333333333334,0.27827181145152746,0,687.8155841341319,0,92.94267410147248,825.5,249.5,95.88534820294495,633.0,264.0,90.0,729.25,256.75,633.0,264.0,825.5,249.5,BINOCULAR,147
0.592,727.1666666666666,253.25,0.27991828204959884,0,641.7884083645845,0,94.0130190677487,822.5,250.0,96.0260381354974,631.0,263.0,92.0,726.75,256.5,631.0,263.0,822.5,250.0,BINOCULAR,148
0.596,727.5833333333333,253.08333333333334,0.2979661357349048,0,112.19093348195906,0,94.94997073598391,822.0,249.5,94.89467845985885,633.5,262.5,95.00526301210897,727.75,256.0,633.5,262.5,822.0,249.5,BINOCULAR,149
0.6,727.25,252.16666666666666,0.30814285085196835,0,243.8479148066566,0,91.95210325427392,823.5,248.5,93.90420650854784,631.0,262.0,90.0,727.25,255.25,631.0,262.0,823.5,248.5,BINOCULAR,150
0.604,727.75,252.33333333333331,0.2940656828164616,0,131.7615691736816,0,91.9597165070403,823.0,249.5,92.91393867445294,632.5,261.5,91.00549433962765,727.75,255.5,632.5,261.5,823.0,249.5,BINOCULAR,151
0.608,726.25,252.58333333333331,0.3220207141988442,0,380.1726581436384,0,91.54067023623497,823.0,249.0,93.05912099305473,629.0,262.0,90.0222194794152,726.0,255.5,629.0,262.0,823.0,249.0,BINOCULAR,152
0.612,728.3333333333333,251.08333333333334,0.3098339898868242,0,641.7884083645367,0,89.67896584927561,827.0,247.0,95.35197952848173,629.0,260.5,84.00595217006948,728.0,253.75,629.0,260.5,827.0,247.0,BINOCULAR,153
0.616,734.5833333333333,251.41666666666669,0.27018200040119167,0,1564.7206442187821,0,94.0959303646028,831.0,248.5,99.14131328563285,638.5,260.5,89.05054744357274,734.75,254.5,638.5,260.5,831.0,248.5,BINOCULAR,154
0.62,736.1666666666667,250.58333333333331,0.2811803265506816,0,447.3106365330352,0,93.5820188121472,833.0,248.5,99.14131328563285,639.0,260.0,88.02272433866155,736.0,254.25,639.0,260.0,833.0,248.5,BINOCULAR,155
0.624,737.9166666666667,249.91666666666669,0.2994761684184783,0,468.1709386300844,0,94.69318886744648,835.0,248.0,99.29753269845128,641.0,260.0,90.08884503644167,738.0,254.0,641.0,260.0,835.0,248.0,BINOCULAR,156
0.628,739.25,250.25,0.3025096334446533,0,343.59213546811856,0,94.2570543052322,837.0,248.5,99.46356116689167,641.5,259.5,89.05054744357274,739.25,254.0,641.5,259.5,837.0,248.5,BINOCULAR,157
0.632,739.3333333333333,250.33333333333331,0.29840877700645935,0,29.462782549422705,0,93.7841331635255,836.5,248.5,98.47842403288143,641.5,260.0,89.08984229416954,739.0,254.25,641.5,260.0,836.5,248.5,BINOCULAR,158
0.636,739.5833333333333,251.16666666666666,0.30000295682443057,0,217.50638560230522,0,95.19882366581275,837.5,248.0,98.3107318658548,642.0,261.0,92.0869154657707,739.75,254.5,642.0,261.0,837.5,248.0,BINOCULAR,159
0.64,734.0833333333333,260.5833333333333,0.08695332474107209,0,2726.3025683963288,0,91.94439367138678,828.0,254.5,98.04590761474952,638.5,265.0,85.84287972802403,733.25,259.75,638.5,265.0,828.0,254.5,BINOCULAR,160
0.644,738.0833333333333,252.0,0.2755508002599367,0,2367.403787790417,0,96.0216619408708,835.0,249.0,98.99494936611666,641.5,261.5,93.04837451562494,738.25,255.25,641.5,261.5,835.0,249.0,BINOCULAR,161
0.648,736.3333333333333,250.58333333333331,0.31642653474879484,0,562.8856702544314,0,91.96823485883252,834.5,247.5,95.88534820294495,638.0,259.5,88.05112151472007,736.25,253.5,638.0,259.5,834.5,247.5,BINOCULAR,162
0.652,734.6666666666667,251.0,0.31584410888729825,0,429.49016933513695,0,94.10146400017844,834.5,247.5,98.15294188153507,635.0,260.5,90.0499861188218,734.75,254.0,635.0,260.5,834.5,247.5,BINOCULAR,163
0.656,726.0833333333333,253.33333333333334,0.31283133004731467,0,2223.708270484773,0,93.0241288074563,824.5,251.0,96.0260381354974,627.0,263.0,90.0222194794152,725.75,257.0,627.0,263.0,824.5,251.0,BINOCULAR,164
0.66,725.75,252.75,0.3066906026922779,0,167.96370308954562,0,92.96297153558328,822.5,249.5,93.90420650854784,629.0,262.0,92.02173656261873,725.75,255.75,629.0,262.0,822.5,249.5,BINOCULAR,165
0.664,725.0833333333333,251.25,0.3174686926303315,0,410.369075074845,0,92.53491776250036,821.5,248.0,94.04786015641186,628.5,261.0,91.02197536858887,725.0,254.5,628.5,261.0,821.5,248.0,BINOCULAR,166
0.668,725.5,250.91666666666669,0.3124012365731864,0,133.39842161319606,0,91.53233818857655,823.0,248.0,93.05912099305473,628.0,260.5,90.00555538409837,725.5,254.25,628.0,260.5,823.0,248.0,BINOCULAR,167
0.672,724.5,251.41666666666669,0.3075448407140926,0,279.5084971874735,0,91.9548809463231,821.5,249.5,93.90420650854784,627.0,260.5,90.00555538409837,724.25,255.0,627.0,260.5,821.5,249.5,BINOCULAR,168
0.676,724.5,251.58333333333331,0.3129289091103834,0,41.66666666665716,0,91.9597165070403,821.0,249.5,92.91393867445294,627.5,260.5,91.00549433962765,724.25,255.0,627.5,260.5,821.0,249.5,BINOCULAR,169
0.68,732.25,251.58333333333334,0.28342778845554234,0,1937.4999999999982,0,93.5088368523891,829.0,249.0,98.99494936611666,636.0,260.0,88.02272433866155,732.5,254.5,636.0,260.0,829.0,249.0,BINOCULAR,170
0.684,732.4166666666666,251.16666666666666,0.3017899746491223,0,112.19093348196962,0,94.174040071012,829.0,250.0,99.29753269845128,635.5,259.5,89.05054744357274,732.25,254.75,635.5,259.5,829.0,250.0,BINOCULAR,171
0.6880000000000001,734.0833333333333,252.16666666666669,0.2778818163815045,0,485.91265790377014,0,94.59023152662228,831.5,251.5,100.12991560967181,636.5,260.5,89.05054744357274,734.0,256.0,636.5,260.5,831.5,251.5,BINOCULAR,172
0.6920000000000001,736.25,252.41666666666669,0.2969759731783856,0,545.260513679285,0,95.10938032305674,834.5,250.5,100.12991560967181,638.0,262.0,90.08884503644167,736.25,256.25,638.0,262.0,834.5,250.5,BINOCULAR,173
0.6960000000000001,737.0833333333334,251.75,0.29681822694882265,0,266.79684322637877,0,96.08940782870908,836.5,249.5,100.12991560967181,639.0,261.5,92.04890004774636,737.75,255.5,639.0,261.5,836.5,249.5,BINOCULAR,174
0.7000000000000001,735.25,252.33333333333331,0.29034199728639165,0,480.974849192307,0,93.55695389995222,834.5,250.0,96.0260381354974,637.5,261.0,91.08786966440702,736.0,255.5,637.5,261.0,834.5,250.0,BINOCULAR,175
0.704,734.4166666666667,251.75,0.2893526050910682,0,254.30324199444073,0,94.3807124635481,833.5,249.0,97.73944955850733,636.5,260.0,91.02197536858887,735.0,254.5,636.5,260.0,833.5,249.0,BINOCULAR,176
0.708,725.25,253.83333333333331,0.2955443479050446,0,2350.1071193080315,0,90.39699155894209,822.5,251.0,93.7709976485267,627.5,263.0,87.02298546935747,725.0,257.0,627.5,263.0,822.5,251.0,BINOCULAR,177
0.712,725.75,253.41666666666666,0.27888097144256574,0,162.71353491472033,0,92.88821613530922,820.5,250.0,93.7709976485267,631.0,262.5,92.00543462209176,725.75,256.25,631.0,262.5,820.5,250.0,BINOCULAR,178
0.716,725.75,252.0,0.29508253262672157,0,354.16666666666396,0,92.52667724801975,820.5,249.0,94.04786015641186,630.5,260.5,91.00549433962765,725.5,254.75,630.5,260.5,820.5,249.0,BINOCULAR,179
0.72,724.0,251.16666666666669,0.3108998002809189,0,484.57097290053946,0,92.95696933722647,820.0,248.5,92.91393867445294,628.5,261.0,93.0,724.25,254.75,628.5,261.0,820.0,248.5,BINOCULAR,180
0.724,722.75,251.33333333333331,0.32556563482698536,0,315.26554063378086,0,92.54606397811105,820.5,249.0,92.07062506576133,625.5,262.0,93.02150289046077,723.0,255.5,625.5,262.0,820.5,249.0,BINOCULAR,181
0.728,721.0833333333333,250.5,0.3227936817592514,0,465.84749531247064,0,91.96465808817146,818.5,247.5,91.92388155425118,624.0,261.5,92.00543462209176,721.25,254.5,624.0,261.5,818.5,247.5,BINOCULAR,182
0.732,725.4166666666666,249.41666666666669,0.31647233210245035,0,1116.674440271457,0,91.27392567103573,824.0,246.5,95.524865872714,626.5,259.0,87.02298546935747,725.25,252.75,626.5,259.0,824.0,246.5,BINOCULAR,183
0.736,725.6666666666667,249.66666666666666,0.325217323569165,0,88.38834764833344,0,91.26615980099228,824.5,246.5,96.5090669315583,626.0,259.0,86.02325267042627,725.25,252.75,626.0,259.0,824.5,246.5,BINOCULAR,184
0.74,731.0833333333333,254.25,0.25369582023756115,0,1773.8944131173043,0,94.37708992849753,828.0,251.0,98.73196037757987,635.0,263.0,90.0222194794152,731.5,257.0,635.0,263.0,828.0,251.0,BINOCULAR,185
0.744,734.5,253.08333333333331,0.26361967457143864,0,902.5907926014548,0,93.87250247130285,831.5,250.0,97.73944955850733,638.0,261.5,90.00555538409837,734.75,255.75,638.0,261.5,831.5,250.0,BINOCULAR,186
0.748,736.0,252.75,0.2748585903378595,0,384.1476857205356,0,92.32016976413419,834.5,249.5,95.63472172804185,638.5,260.5,89.00561780022652,736.5,255.0,638.5,260.5,834.5,249.5,BINOCULAR,187
0.752,735.6666666666667,254.0,0.2628776418875993,0,323.42030617207865,0,90.82071428032337,834.0,250.5,94.64142856064674,638.5,261.0,87.0,736.25,255.75,638.5,261.0,834.0,250.5,BINOCULAR,188
0.756,729.0833333333334,267.66666666666663,0.053390664443930654,0,3792.4106412969263,0,92.4827387932348,825.5,259.0,95.02105029939419,633.5,270.5,89.94442728707543,729.5,264.75,633.5,270.5,825.5,259.0,BINOCULAR,189
0.76,729.8333333333333,255.91666666666669,0.2070471134577317,0,2943.4779598291357,0,85.87498825092068,827.5,251.0,91.35097153287424,632.0,263.0,80.39900496896712,729.75,257.0,632.0,263.0,827.5,251.0,BINOCULAR,190
0.764,730.0,252.58333333333331,0.2770915081839552,0,834.3743497708757,0,91.88503922447003,828.0,248.0,96.74709297958259,632.5,261.0,87.02298546935747,730.25,254.5,632.5,261.0,828.0,248.0,BINOCULAR,191
0.768,731.6666666666667,251.5,0.28170907339565454,0,496.95251841153635,0,92.93646933602096,829.5,247.5,97.86725703727473,634.0,260.5,88.0056816347672,731.75,254.0,634.0,260.5,829.5,247.5,BINOCULAR,192
0.772,731.0833333333333,251.16666666666669,0.29436330839955016,0,167.9637030895835,0,91.0130190677487,829.5,248.0,96.0260381354974,633.0,259.0,86.0,731.25,253.5,633.0,259.0,829.5,248.0,BINOCULAR,193
0.776,729.3333333333334,239.25,0.3152303671077905,0,3011.119439307874,0,89.79696054912381,829.5,238.5,94.54099639838793,629.5,250.5,85.05292469985967,729.5,244.5,629.5,250.5,829.5,238.5,BINOCULAR,194
0.78,729.1666666666667,238.75,0.3054900229667298,0,131.76156917367936,0,92.28009422313917,829.5,236.5,96.5090669315583,628.0,250.5,88.05112151472007,728.75,243.5,628.0,250.5,829.5,236.5,BINOCULAR,195
0.784,729.4166666666667,228.75,0.3699106096038915,0,2500.781127967817,0,88.20251656409064,834.0,229.0,93.38094023943002,626.5,242.0,83.02409288875127,730.25,235.5,626.5,242.0,834.0,229.0,BINOCULAR,196
0.788,728.3333333333333,224.08333333333331,0.346960010497389,0,1197.6901959837462,0,89.2030893499331,830.0,223.0,95.35197952848173,627.5,237.5,83.05419917138447,728.75,230.25,627.5,237.5,830.0,223.0,BINOCULAR,197
0.792,728.25,224.33333333333331,0.35959884998187974,0,65.88078458683519,0,90.70900815899505,830.5,224.0,94.36630754670864,627.5,237.5,87.05170877128145,729.0,230.75,627.5,237.5,830.5,224.0,BINOCULAR,198
0.796,731.0,252.16666666666669,0.2156198192262383,0,6992.214172047208,0,89.16027122205927,827.5,247.5,91.26883367283708,634.5,258.5,87.05170877128145,731.0,253.0,634.5,258.5,827.5,247.5,BINOCULAR,199
0.8,732.9166666666667,257.0,0.18796040711178424,0,1299.873124150543,0,87.14403348913157,830.0,252.5,92.13576938409967,636.0,261.5,82.15229759416349,733.0,257.0,636.0,261.5,830.0,252.5,BINOCULAR,200
0.804,731.75,264.75,0.08030616571783589,0,1959.330419925248,0,91.34935088812111,830.5,258.0,93.02150289046077,633.5,266.5,89.67719888578144,732.0,262.25,633.5,266.5,830.5,258.0,BINOCULAR,201
0.808,730.6666666666667,266.0,0.07770687940256937,0,413.52985919330405,0,92.33752466942173,829.0,258.5,94.00531899844816,632.0,268.5,90.6697303403953,730.5,263.5,632.0,268.5,829.0,258.5,BINOCULAR,202
0.812,728.75,253.66666666666669,0.15318040259640855,0,3120.3437533209158,0,87.86638576432523,815.5,250.0,93.34345183246653,639.0,260.0,82.38931969618392,727.25,255.0,639.0,260.0,815.5,250.0,BINOCULAR,203
0.8160000000000001,730.1666666666666,259.58333333333337,0.0869991448970086,0,1520.9760207036659,0,89.5480385772857,822.5,253.0,95.08417323613851,636.5,264.5,84.01190391843289,729.5,258.75,636.5,264.5,822.5,253.0,BINOCULAR,204
0.8200000000000001,730.4166666666666,239.0,0.2936665494904701,0,5146.21287399234,0,91.76567436637055,829.5,237.5,98.47842403288143,630.5,249.5,85.05292469985967,730.0,243.5,630.5,249.5,829.5,237.5,BINOCULAR,205
0.8240000000000001,728.8333333333333,225.91666666666669,0.367629989808407,0,3294.6979713203123,0,89.67896584927561,832.0,227.0,95.35197952848173,627.0,238.5,84.00595217006948,729.5,232.75,627.0,238.5,832.0,227.0,BINOCULAR,206
0.8280000000000001,728.4166666666666,227.08333333333334,0.3699801844332975,0,309.70976556912984,0,89.69491685135426,830.5,227.0,94.36630754670864,627.5,240.0,85.0235261559999,729.0,233.5,627.5,240.0,830.5,227.0,BINOCULAR,207
0.8320000000000001,728.0833333333334,226.41666666666666,0.35203209502800714,0,186.33899812497808,0,90.21632450535574,831.0,227.0,93.38094023943002,627.5,239.5,87.05170877128145,729.25,233.25,627.5,239.5,831.0,227.0,BINOCULAR,208
0.836,730.8333333333334,259.83333333333337,0.18421017103940962,0,8382.407586394758,0,87.67469352063772,826.5,253.5,89.1403387922662,636.0,265.0,86.20904824900923,731.25,259.25,636.0,265.0,826.5,253.5,BINOCULAR,209
0.84,730.5,263.91666666666663,0.132183860487148,0,1024.2290461068021,0,88.23350395234333,827.0,258.0,92.0869154657707,634.0,267.0,84.38009243891595,730.5,262.5,634.0,267.0,827.0,258.0,BINOCULAR,210
0.844,729.1666666666667,262.5,0.08526877028868707,0,486.359063747011,0,90.73479871056384,825.0,255.5,94.00531899844816,632.5,266.5,87.46427842267951,728.75,261.0,632.5,266.5,825.0,255.5,BINOCULAR,211
0.848,726.6666666666667,242.16666666666666,0.29694556775222686,0,5121.611345834215,0,92.44733922992943,824.0,239.5,94.89467845985885,628.0,254.0,90.0,726.0,246.75,628.0,254.0,824.0,239.5,BINOCULAR,212
0.852,724.3333333333333,245.5,0.33501027297341796,0,1017.2129679778312,0,91.52956049652737,823.0,245.0,93.05912099305473,626.0,256.0,90.0,724.5,250.5,626.0,256.0,823.0,245.0,BINOCULAR,213
0.856,727.0,246.41666666666669,0.3296766610767661,0,704.9551798203784,0,90.6062688908622,826.0,243.5,95.1892851112981,628.0,256.0,86.02325267042627,727.0,249.75,628.0,256.0,826.0,243.5,BINOCULAR,214
0.86,737.5,245.41666666666669,0.3107274901579992,0,2636.877888716121,0,93.20702138947053,832.0,245.0,97.32420048477151,642.5,253.0,89.08984229416954,737.25,249.0,642.5,253.0,832.0,245.0,BINOCULAR,215
0.864,740.75,245.16666666666669,0.3095466052910094,0,814.9003006503305,0,94.03244990289977,836.0,245.0,97.01546268507923,645.5,253.5,91.0494371207203,740.75,249.25,645.5,253.5,836.0,245.0,BINOCULAR,216
0.868,739.6666666666667,245.41666666666669,0.29162323901310433,0,277.9513346692799,0,93.70028708001217,835.5,245.0,98.3107318658548,643.5,254.0,89.08984229416954,739.5,249.5,643.5,254.0,835.5,245.0,BINOCULAR,217
0.872,721.0,250.66666666666666,0.3093696879963066,0,4847.724623756789,0,92.02438123707947,817.5,247.0,96.0260381354974,624.0,261.0,88.02272433866155,720.75,254.0,624.0,261.0,817.5,247.0,BINOCULAR,218
0.876,714.0833333333333,247.41666666666669,0.3029643014644705,0,1910.5427530184081,0,93.5130190677487,809.5,244.0,96.0260381354974,618.5,258.0,91.0,714.0,251.0,618.5,258.0,809.5,244.0,BINOCULAR,219
0.88,716.6666666666667,248.33333333333331,0.32913220696411993,0,685.2868418083038,0,90.04719747109692,814.5,246.0,90.09439494219383,620.0,259.0,90.0,717.25,252.5,620.0,259.0,814.5,246.0,BINOCULAR,220
0.884,718.75,248.83333333333334,0.327709325002977,0,535.6233388409178,0,90.47496081335154,815.5,247.5,89.94442728707543,623.5,258.5,91.00549433962765,719.5,253.0,623.5,258.5,815.5,247.5,BINOCULAR,221
0.888,728.1666666666667,248.66666666666669,0.314778629978681,0,2354.5353693575375,0,92.96337855671979,828.0,246.5,96.87620966986684,629.5,257.5,89.05054744357274,728.75,252.0,629.5,257.5,828.0,246.5,BINOCULAR,222
0.892,728.9166666666667,244.75,0.33181162229287253,0,996.9571761671203,0,93.29171591351019,827.0,243.5,97.49358953285082,632.5,255.0,89.08984229416954,729.75,249.25,632.5,255.0,827.0,243.5,BINOCULAR,223
0.896,732.5,245.41666666666669,0.33586585171242256,0,911.2053220261914,0,95.24218664929333,831.5,245.0,100.2845950283492,634.0,255.0,90.19977827023745,732.75,250.0,634.0,255.0,831.5,245.0,BINOCULAR,224
0.9,735.0,244.25,0.34782157860441587,0,689.7060565519535,0,93.12190203185801,834.5,243.5,98.15294188153507,636.0,254.0,88.09086218218096,735.25,248.75,636.0,254.0,834.5,243.5,BINOCULAR,225
0.904,723.5,250.08333333333331,0.29643506662782887,0,3223.718522314112,0,89.95696933722647,820.0,247.5,92.91393867445294,626.5,260.0,87.0,723.25,253.75,626.5,260.0,820.0,247.5,BINOCULAR,226
0.908,720.25,247.16666666666669,0.32591685625442346,0,1091.7143755478178,0,92.53531253288067,818.5,245.0,92.07062506576133,623.5,258.0,93.0,721.0,251.5,623.5,258.0,818.5,245.0,BINOCULAR,227
0.912,718.75,248.5,0.32141423388667884,0,501.73310744967534,0,93.03797203210475,817.5,246.0,92.07062506576133,621.0,259.5,94.00531899844816,719.25,252.75,621.0,259.5,817.5,246.0,BINOCULAR,228
0.916,717.0,248.0,0.3289983531721067,0,455.00686808003195,0,91.03809022492985,815.5,245.0,92.07062506576133,619.0,259.5,90.00555538409837,717.25,252.25,619.0,259.5,815.5,245.0,BINOCULAR,229
0.92,720.0,247.5,0.3334355182636007,0,760.3453162872768,0,89.69491685135426,819.5,245.0,94.36630754670864,620.5,257.0,85.0235261559999,720.0,251.0,620.5,257.0,819.5,245.0,BINOCULAR,230
0.924,726.5,245.41666666666666,0.332370198510535,0,1706.4267816437682,0,93.26477277380076,824.5,243.5,98.47842403288143,629.0,255.5,88.05112151472007,726.75,249.5,629.0,255.5,824.5,243.5,BINOCULAR,231
0.928,731.3333333333333,245.58333333333331,0.32412195584242287,0,1209.0515107122221,0,95.25649914380598,831.0,244.5,99.46356116689167,632.5,255.5,91.0494371207203,731.75,250.0,632.5,255.5,831.0,244.5,BINOCULAR,232
0.932,732.5,244.16666666666669,0.32162210417654014,0,458.8065738655302,0,94.19368749631042,831.0,244.0,99.29753269845128,634.5,254.0,89.08984229416954,732.75,249.0,634.5,254.0,831.0,244.0,BINOCULAR,233
0.936,732.0833333333334,244.91666666666669,0.3379063720783979,0,214.49229460389105,0,93.68825025378061,830.5,244.0,100.2845950283492,633.5,255.0,87.09190547921202,732.0,249.5,633.5,255.0,830.5,244.0,BINOCULAR,234
0.9400000000000001,731.6666666666667,244.5,0.32613218438150215,0,147.3139127471939,0,96.55550693750719,830.0,243.0,100.9752444909147,634.0,254.5,92.13576938409967,732.0,248.75,634.0,254.5,830.0,243.0,BINOCULAR,235
0.9440000000000001,721.5,249.41666666666669,0.3181276674839211,0,2823.2818029536093,0,91.9548809463231,818.5,246.5,93.90420650854784,624.0,259.5,90.00555538409837,721.25,253.0,624.0,259.5,818.5,246.5,BINOCULAR,236
0.9480000000000001,723.25,246.58333333333331,0.3066949820104029,0,832.5517167786775,0,93.38414827297441,819.0,244.0,94.76286192385707,627.0,256.5,92.00543462209176,723.0,250.25,627.0,256.5,819.0,244.0,BINOCULAR,237
0.9520000000000001,722.0833333333333,247.58333333333331,0.32399187457595524,0,384.147685720551,0,93.45696933722647,820.0,245.5,92.91393867445294,625.0,258.0,94.0,722.5,251.75,625.0,258.0,820.0,245.5,BINOCULAR,238
0.9560000000000001,721.6666666666667,247.75,0.3255950060253509,0,112.1909334819353,0,92.45696933722647,820.0,246.5,92.91393867445294,624.0,258.0,92.0,722.0,252.25,624.0,258.0,820.0,246.5,BINOCULAR,239
0.96,720.3333333333333,248.16666666666669,0.3352588530647178,0,349.23030446338464,0,93.03531253288067,818.5,246.0,92.07062506576133,623.0,259.0,94.0,720.75,252.5,623.0,259.0,818.5,246.0,BINOCULAR,240
0.964,728.5833333333333,245.91666666666666,0.3116316517980151,0,2137.828922060884,0,93.96282339529357,828.0,243.5,96.87620966986684,629.5,255.5,91.0494371207203,728.75,249.5,629.5,255.5,828.0,243.5,BINOCULAR,241
0.968,732.0,245.08333333333331,0.316861021202955,0,879.2061602504012,0,93.68063965471377,829.5,244.0,98.3107318658548,634.5,254.5,89.05054744357274,732.0,249.25,634.5,254.5,829.5,244.0,BINOCULAR,242
0.972,733.25,246.41666666666666,0.3263785500717987,0,456.9106708221119,0,93.79121728464625,831.0,245.5,97.49358953285082,636.0,256.0,90.08884503644167,733.5,250.75,636.0,256.0,831.0,245.5,BINOCULAR,243
0.976,732.75,246.33333333333331,0.3139893338261486,0,126.7242193812132,0,93.79121728464625,830.0,244.5,97.49358953285082,636.0,256.0,90.08884503644167,733.0,250.25,636.0,256.0,830.0,244.5,BINOCULAR,244
0.98,723.1666666666667,243.66666666666669,0.2998407041548826,0,2486.8578177200725,0,93.0184174820669,823.0,242.0,95.03683496413377,623.5,255.0,91.0,723.25,248.5,623.5,255.0,823.0,242.0,BINOCULAR,245
0.984,720.25,246.16666666666669,0.3340074059075796,0,960.3692143013559,0,91.03809022492985,818.5,245.0,92.07062506576133,623.0,256.5,90.00555538409837,720.75,250.75,623.0,256.5,818.5,245.0,BINOCULAR,246
0.988,721.25,245.83333333333331,0.32840743387885996,0,263.5231383473677,0,92.45696933722647,820.0,244.5,92.91393867445294,624.0,256.0,92.0,722.0,250.25,624.0,256.0,820.0,244.5,BINOCULAR,247
0.992,724.4166666666667,243.16666666666669,0.31791934396987986,0,1034.9785290311925,0,89.62741775425258,823.5,240.5,94.2019108086455,625.5,253.5,85.05292469985967,724.5,247.0,625.5,253.5,823.5,240.5,BINOCULAR,248
0.996,731.6666666666667,241.41666666666666,0.34643841131713193,0,1864.5542362720373,0,94.93460974904772,831.0,240.0,98.73196037757987,633.5,251.5,91.13725912051558,732.25,245.75,633.5,251.5,831.0,240.0,BINOCULAR,249
1.0,732.0,242.75,0.3528138311341807,0,343.5921354681357,0,92.12835696171095,832.0,241.5,97.16480844420988,632.5,253.0,87.09190547921202,732.25,247.25,632.5,253.0,832.0,241.5,BINOCULAR,250
1.004,734.1666666666666,245.75,0.311659244530479,0,925.1501379655984,0,94.78314684864424,830.5,244.5,98.47842403288143,637.5,255.0,91.08786966440702,734.0,249.75,637.5,255.0,830.5,244.5,BINOCULAR,251
1.008,733.3333333333333,245.91666666666669,0.2982098789662401,0,212.4591463997094,0,93.76448573822708,829.5,245.5,98.47842403288143,636.5,254.5,89.05054744357274,733.0,250.0,636.5,254.5,829.5,245.5,BINOCULAR,252
1.012,730.8333333333333,246.08333333333331,0.311073502922544,0,626.38734909887,0,92.45390863838462,830.5,243.5,95.88534820294495,631.5,255.0,89.02246907382428,731.0,249.25,631.5,255.0,830.5,243.5,BINOCULAR,253
1.016,723.4166666666667,249.0,0.2981169798974947,0,1992.3900360008367,0,93.0266473892518,820.5,247.0,94.04786015641186,626.0,258.5,92.00543462209176,723.25,252.75,626.0,258.5,820.5,247.0,BINOCULAR,254
1.02,724.5833333333333,247.91666666666669,0.31223209969517557,0,398.02027446961034,0,91.95696933722647,821.0,245.5,92.91393867445294,629.5,257.0,91.0,725.25,251.25,629.5,257.0,821.0,245.5,BINOCULAR,255
1.024,724.5833333333333,247.91666666666666,0.3104494945240587,0,7.105427357600995e-12,0,93.52393007820592,820.5,246.0,94.04786015641186,629.5,257.0,93.0,725.0,251.5,629.5,257.0,820.5,246.0,BINOCULAR,256
1.028,729.1666666666666,241.0,0.31315495931128556,0,2074.3556563156894,0,91.99652577249475,829.5,239.5,93.90420650854784,629.0,251.0,90.08884503644167,729.25,245.25,629.0,251.0,829.5,239.5,BINOCULAR,257
1.032,735.0,241.5,0.3347859750240084,0,1463.680672520866,0,94.19978845114824,834.5,241.0,98.3107318658548,636.0,251.0,90.08884503644167,735.25,246.0,636.0,251.0,834.5,241.0,BINOCULAR,258
1.036,734.0,241.08333333333331,0.3461548871659851,0,270.8333333333349,0,94.12089345898838,832.5,240.5,98.15294188153507,636.0,251.0,90.08884503644167,734.25,245.75,636.0,251.0,832.5,240.5,BINOCULAR,259
1.04,723.75,248.25,0.3151562547956992,0,3126.7356291257565,0,93.03479835951529,820.5,245.0,94.04786015641186,626.0,258.0,92.02173656261873,723.25,251.5,626.0,258.0,820.5,245.0,BINOCULAR,260
1.044,723.0833333333334,247.58333333333331,0.31975149362080346,0,235.70226039551227,0,95.02365616192134,820.5,244.0,96.0260381354974,625.0,258.0,94.02127418834527,722.75,251.0,625.0,258.0,820.5,244.0,BINOCULAR,261
1.048,723.4166666666667,247.75,0.34154423597436395,0,93.16949906250176,0,92.12594846373365,822.5,244.5,94.2019108086455,624.0,258.5,90.0499861188218,723.25,251.5,624.0,258.5,822.5,244.5,BINOCULAR,262
1.052,732.8333333333334,240.91666666666666,0.32727845466173616,0,2908.694461819971,0,96.01952370751414,831.0,239.5,100.84145972763385,634.5,251.0,91.19758768739445,732.75,245.25,634.5,251.0,831.0,239.5,BINOCULAR,263
1.056,735.9166666666667,240.58333333333331,0.33712722685711827,0,775.3247527470255,0,93.57272035013958,836.5,240.0,98.00510190801293,635.5,250.5,89.1403387922662,736.0,245.25,635.5,250.5,836.5,240.0,BINOCULAR,264
1.06,735.3333333333334,240.83333333333334,0.3417572230696438,0,158.66193970550947,0,95.13434874813578,835.5,240.5,100.12991560967181,635.0,250.5,90.13878188659973,735.25,245.5,635.0,250.5,835.5,240.5,BINOCULAR,265
1.064,723.1666666666666,249.16666666666669,0.31569750832332577,0,3686.7348547039546,0,93.53468152343632,820.5,247.0,94.04786015641186,626.5,258.0,93.02150289046077,723.5,252.5,626.5,258.0,820.5,247.0,BINOCULAR,266
1.068,721.9166666666667,248.66666666666669,0.32118522092332313,0,336.5728004458798,0,92.95832691422386,820.0,246.5,94.89467845985885,623.5,258.0,91.02197536858887,721.75,252.25,623.5,258.0,820.0,246.5,BINOCULAR,267
1.072,725.1666666666667,236.41666666666666,0.31210837980203054,0,3168.4479639091483,0,91.28068830211097,824.5,234.5,96.5090669315583,625.0,248.5,86.05230967266364,724.75,241.5,625.0,248.5,824.5,234.5,BINOCULAR,268
1.076,724.25,233.83333333333334,0.32082137454972137,0,685.2868418082732,0,89.63355768180261,825.0,232.5,93.2148056909416,624.0,245.5,86.05230967266364,724.5,239.0,624.0,245.5,825.0,232.5,BINOCULAR,269
1.08,721.9166666666667,245.25,0.3209291998670212,0,2913.167543909694,0,91.10613529032779,822.0,244.5,95.1892851112981,622.5,255.0,87.02298546935747,722.25,249.75,622.5,255.0,822.0,244.5,BINOCULAR,270
1.084,738.8333333333334,247.66666666666669,0.3012549052267724,0,4272.103469668712,1,92.62783531319542,835.0,247.5,97.16480844420988,642.0,255.0,88.09086218218096,738.5,251.25,642.0,255.0,835.0,247.5,BINOCULAR,271
1.088,741.1666666666667,247.25,0.3039299311511138,0,592.5609438886718,1,94.62040577297105,837.5,247.5,98.15294188153507,644.5,255.0,91.08786966440702,741.0,251.25,644.5,255.0,837.5,247.5,BINOCULAR,272
1.092,740.5,247.25,0.3118682901305194,0,166.66666666668547,1,94.61264741199084,836.5,247.5,96.17692030835673,644.5,255.5,93.04837451562494,740.5,251.5,644.5,255.5,836.5,247.5,BINOCULAR,273
1.096,738.3333333333333,247.0,0.28689653708128043,0,545.260513679285,1,94.33852664756537,836.0,245.5,96.62815324738438,641.0,254.5,92.04890004774636,738.5,250.0,641.0,254.5,836.0,245.5,BINOCULAR,274
1.1,735.0833333333334,247.41666666666669,0.27242545717044514,0,819.1501354723675,1,92.40272143989264,833.5,245.0,95.75489543621255,637.5,255.5,89.05054744357274,735.5,250.25,637.5,255.5,833.5,245.0,BINOCULAR,275
1.104,732.25,249.5,0.26830324589590104,0,879.206160250387,1,92.32016976413419,830.5,246.5,95.63472172804185,634.5,257.5,89.00561780022652,732.5,252.0,634.5,257.5,830.5,246.5,BINOCULAR,276
1.108,732.5833333333334,254.75,0.17915209814449531,0,1315.142841840552,1,86.70818157785182,829.0,250.0,90.19977827023745,636.5,262.0,83.21658488546619,732.75,256.0,636.5,262.0,829.0,250.0,BINOCULAR,277
1.112,731.25,250.83333333333331,0.2489692028802578,0,1034.3492989422073,1,91.82556935837093,829.0,246.5,96.62815324738438,633.5,259.0,87.02298546935747,731.25,252.75,633.5,259.0,829.0,246.5,BINOCULAR,278
1.116,731.4166666666666,250.66666666666669,0.27185004068926233,0,58.92556509886551,1,91.38032118641868,829.5,247.0,95.75489543621255,633.5,258.5,87.00574693662483,731.5,252.75,633.5,258.5,829.5,247.0,BINOCULAR,279
1.12,731.6666666666667,250.25,0.2780837483358399,0,121.47816447596234,1,92.31407662369219,829.0,246.5,96.62815324738438,634.0,259.0,88.0,731.5,252.75,634.0,259.0,829.0,246.5,BINOCULAR,280
1.124,731.9166666666667,250.25,0.28392035601808085,0,62.49999999999994,1,92.93646933602096,829.5,246.5,97.86725703727473,634.0,258.5,88.0056816347672,731.75,252.5,634.0,258.5,829.5,246.5,BINOCULAR,281
1.1280000000000001,732.0833333333333,254.0,0.20420664243217573,0,938.4254691295981,1,87.74982473925996,829.5,249.0,91.35097153287424,635.0,261.5,84.1486779456457,732.25,255.25,635.0,261.5,829.5,249.0,BINOCULAR,282
1.1320000000000001,731.5,250.0,0.2667644200655981,0,1010.5777363029049,1,92.31691744107579,829.0,245.5,96.62815324738438,634.0,258.5,88.0056816347672,731.5,252.0,634.0,258.5,829.0,245.5,BINOCULAR,283
1.1360000000000001,731.4166666666666,249.66666666666669,0.2684958210796098,0,85.89803386703221,1,92.3763873071749,829.0,246.0,96.74709297958259,634.0,257.5,88.0056816347672,731.5,251.75,634.0,257.5,829.0,246.0,BINOCULAR,284
1.1400000000000001,732.5,250.0,0.2736531163507472,0,283.3639689319958,1,92.44946700426419,830.0,246.5,96.87620966986684,635.0,258.0,88.02272433866155,732.5,252.25,635.0,258.0,830.0,246.5,BINOCULAR,285
1.1440000000000001,732.75,250.75,0.27833873366195505,0,197.64235376052355,1,91.87641995810371,830.0,247.0,96.74709297958259,635.5,258.5,87.00574693662483,732.75,252.75,635.5,258.5,830.0,247.0,BINOCULAR,286
1.1480000000000001,732.25,250.83333333333331,0.2716645581731196,0,126.72421938121204,1,92.3735464897913,830.0,247.0,96.74709297958259,635.0,259.0,88.0,732.5,253.0,635.0,259.0,830.0,247.0,BINOCULAR,287
1.1520000000000001,730.9166666666666,250.41666666666669,0.27605327236270916,0,349.23030446334366,1,91.45018004731303,829.0,246.5,94.89467845985885,633.0,259.5,88.0056816347672,731.0,253.0,633.0,259.5,829.0,246.5,BINOCULAR,288
1.156,730.75,250.41666666666669,0.2767713240309401,0,41.66666666665947,1,92.0158598851323,828.5,247.0,96.0260381354974,633.0,258.5,88.0056816347672,730.75,252.75,633.0,258.5,828.5,247.0,BINOCULAR,289
1.16,726.5,235.83333333333331,0.304747175677504,0,3797.500091434428,1,91.95210325427392,828.5,233.5,93.90420650854784,625.0,249.0,90.0,726.75,241.25,625.0,249.0,828.5,233.5,BINOCULAR,290
1.164,725.5833333333334,232.75,0.3170101561294316,0,804.1774610674413,1,91.44733922992943,827.0,231.5,94.89467845985885,624.0,246.0,88.0,725.5,238.75,624.0,246.0,827.0,231.5,BINOCULAR,291
1.168,724.3333333333333,232.25,0.3202374501508257,0,336.5728004459326,1,90.89246291908606,827.0,231.0,92.77930803794561,622.5,246.5,89.00561780022652,724.75,238.75,622.5,246.5,827.0,231.0,BINOCULAR,292
1.172,725.3333333333334,229.25,0.3328823578535819,0,790.5694150421032,1,89.52687115291275,826.5,228.0,94.04786015641186,623.5,242.5,85.00588214941364,725.0,235.25,623.5,242.5,826.5,228.0,BINOCULAR,293
1.176,726.25,228.66666666666669,0.34330777244016175,0,271.6334335500996,1,89.60095540432275,826.5,227.5,94.2019108086455,624.5,241.0,85.0,725.5,234.25,624.5,241.0,826.5,227.5,BINOCULAR,294
1.18,734.0833333333333,246.5,0.29664458299372676,0,4869.476928331768,1,91.50773134253961,833.0,243.0,97.01546268507923,635.0,254.0,86.0,734.0,248.5,635.0,254.0,833.0,243.0,BINOCULAR,295
1.184,748.0833333333333,248.25,0.2754225371024172,0,3527.2377648806128,1,90.35648579391031,846.5,244.5,91.6624241442479,649.5,255.5,89.05054744357274,748.0,250.0,649.5,255.5,846.5,244.5,BINOCULAR,296
1.188,749.4166666666667,247.91666666666669,0.2665034142112537,0,343.5921354681737,1,86.2557830415719,848.0,244.0,88.36288813749809,651.0,253.5,84.1486779456457,749.5,248.75,651.0,253.5,848.0,244.0,BINOCULAR,297
1.192,746.0833333333333,248.83333333333331,0.2226975296610375,0,864.2695213621807,1,89.67891275736338,845.0,244.5,92.26592003551474,647.5,255.0,87.09190547921202,746.25,249.75,647.5,255.0,845.0,244.5,BINOCULAR,298
1.196,744.5833333333333,247.91666666666669,0.2315002808942589,0,439.4796481193486,1,86.74473582145211,843.0,243.5,88.2779700718135,646.5,254.0,85.21150157109074,744.75,248.75,646.5,254.0,843.0,243.5,BINOCULAR,299
